{"version":29,"hash":{"type":"Buffer","data":"XBWHnm+rmyMdlcDvs0Q8v2zrvJdwUYw72sWbI9e30RTCi30AB62Onbu20YTGPBRJ54ztzAkth8rVZ/sY2KZpT4e973Ps4A71h1RTiPuvnc93ZHub3sBm0aHhWgPSk2uPn2dEc/rFDwlnPbGCqwtgth90O/lVkQLbi66YNWpad+0="},"indexValueMap":{"ALxvS3/Qs2MS3nrMwqbVT+/kDe4SMimXkVLCHUN/aig=":{"valueMac":{"type":"Buffer","data":"hwDQhLkNPCBqK/vfC/DlTtfXhDMMqAauvdofwsFxMmI="}},"AXKORfcrMq26R75d4vUDgEOlguEWhKTppLc6T9PgxQg=":{"valueMac":{"type":"Buffer","data":"Digob/8vQTgRU6Ex/DpjkqGpIV/BggeimiKawKOoCxg="}},"AdLY+2mdMTzug/YVmLr/f9yxQyAONvstyh/UFp2SIF8=":{"valueMac":{"type":"Buffer","data":"kys/1mSY0Rfcds8fonW+e1027Qgw40uEaNv7lpLZIBU="}},"Af6N92wP7f8+igL4fWbJ/DozsVviXxVXh38uvvx/ZFw=":{"valueMac":{"type":"Buffer","data":"/5juAx+jWyG/ws0Yjwhbr0LDWkR+nQe+EK2o4KQ67gE="}},"AjsCqwfX0nJTkNh6mHqJmqS0wY1nyeuTjvIfXzSfBKM=":{"valueMac":{"type":"Buffer","data":"9kl0fEAVsbfdDO36VbcFd2WcVZLHCzplj4YnQsoAXXY="}},"AoI6ViXDfCAH4XVY/Qwg8K9xyQU3y0nK2x6wE4YYbww=":{"valueMac":{"type":"Buffer","data":"QEg06ZCnKAjEfqdV/qkdTf5tzwi11u1b491Gg0+ZL9o="}},"AtGWqml7jRca679PgNh039UakpXcVYP5N556P1nPA4U=":{"valueMac":{"type":"Buffer","data":"D9V9PC2/nVDwI6fHuik02NL6c/Z3MwBAGqn83IxqL6c="}},"Atrz9rtG3Ts2WRAe3Fsg7qqjpv4rYopWxuiAVj8bWNE=":{"valueMac":{"type":"Buffer","data":"WjS6CH4J27TM3+OhOqJUt+n6/5lT7CfxVEFcaQnbHts="}},"A2MYPcPNWaBRHq8omt+00D6ObzOiS9tfpJu72BRqAlA=":{"valueMac":{"type":"Buffer","data":"9GQDpOA8qz+nLALbO1vFcBIwTg87apL/GQb8L8IsXJw="}},"BG2RY/cZEKMktpNQXRBA0FQKnuj/CMmPyQAKZsvIAR4=":{"valueMac":{"type":"Buffer","data":"3M+a28kAAoRRWCBM8Z7Irzb/nH0+40l25rzap2mm+c4="}},"BKCxf+HwQfKGa9f5KZbszdEZgPrlrMZRPHMYJ05UJEA=":{"valueMac":{"type":"Buffer","data":"+YXWvq/1JR1kyDOU+xOFSxRDrPbfoORFkHdUo5fwNl4="}},"BK3u5UyGloFz1WYYwLTa3jniGNuUydwZcSbvq8QoKI4=":{"valueMac":{"type":"Buffer","data":"fzClGFyhgVgcNZG1lLce7ugr3c0S2pkaxTtIAmVX3gY="}},"BQ7XG55zAdVC5m2eSY+hqsaqIqjmMEhlFtgY1Z+sBp8=":{"valueMac":{"type":"Buffer","data":"p5PPbHOoCKiHLdjotdXVlVeNjxeNvN/Pq+JFOczsga8="}},"BVsQV3CVF+HenplFggI1pc3+V5+f8zQnakHWFdiBpkI=":{"valueMac":{"type":"Buffer","data":"sMel1gf4JWtoW9pTafSRFtOpoLJZEeQGzIHT+LIrN2Q="}},"BgxifnS8io/XiV5pEn8ioal7meHcDjgIJCnS6iRyrM8=":{"valueMac":{"type":"Buffer","data":"C3fLrb8z68pyx/JZkyKnYzeDlaYUO4tsrAVPNo1CWYU="}},"Bg0mjt7SYaEKezDd7BykwsTllUGhMzv0/I2t4u3ZoVI=":{"valueMac":{"type":"Buffer","data":"n4tCxmi62kzDHjM7Ne3oBaJ82rAkIg54moHcR+0HKNI="}},"BrjWaS4zjf+Ph2zHvnC/v5XgrD7ZfI/5HWlLaDJ1Xu8=":{"valueMac":{"type":"Buffer","data":"Neo8telU8kZoVmg79pqeXYuUTfm+6V5M7DJFax8v0n0="}},"Bu2mBU4Pd9ewhdPV1EAv/CUMIT8TMyHPJJjJ6Rf7PkE=":{"valueMac":{"type":"Buffer","data":"ZpnBZ3B6jFfM9dZSBdFYi5e57YLPogaGd6G8yj1lG5g="}},"B5cA2o/yh4VasYN1fOwUN7PFow04+225htgqABgYa2c=":{"valueMac":{"type":"Buffer","data":"gC+DtQdtQXDzRf2lRkM90NWsmPtbDtBUwyR+Nm84Tis="}},"B/TVbzPIhEno7iDJGQHtOzUfLq1qGkKE9SJoX9Pu2cc=":{"valueMac":{"type":"Buffer","data":"5Pof+rzhmwXe7iFmmnVaor8zT0MzLeywHHX/uqj4j2Q="}},"CZil9kfghNStc9talLBQoj3zgOLOne96DHXpFQRCCeI=":{"valueMac":{"type":"Buffer","data":"x3VGDkUFlVzmSCNiSk5NYF3/1fXrjKuLpGViVs4d89w="}},"Cb6QxVvkZhGl30xLdntQa0+jOmadlJzRgyKHF1cC3gY=":{"valueMac":{"type":"Buffer","data":"EsTiqIfGo+a/5/JMw4UBOwqjvXVjM9xd4aBROYM/jas="}},"CcWyrDanWJzBZjbaV4D5aw4IKrKAI/exLm/WuURKV10=":{"valueMac":{"type":"Buffer","data":"apfgrCHRBD66ZbmtLo6pH5utmdRImfLBKu4+53MfBdU="}},"CgGV2bXvH9qYu/0ol9pm7rvmVK/TP9TZ5xRLGbODdq4=":{"valueMac":{"type":"Buffer","data":"BJt9pMLGIxk3PW04uVs5sqyIXug/1Dtn7DuvzwgWDq4="}},"CoCB7zYxlP2Inkmf72MJBMf4kXoYNiAlNQ+FY6rY6sw=":{"valueMac":{"type":"Buffer","data":"N4EREGJaPkIzWdehr8KKi0lxr1M8nAL/Y0yyFI2pAjs="}},"DKW/Q3mLcneVuWB1OcekuIUsGWy5O1v6VJFU3xXvEeo=":{"valueMac":{"type":"Buffer","data":"rdGLy7ocJste5x7cxl/RM1FOk7o3g6tEK1piCnTzqgQ="}},"DNyVSWPrL61rWj36ODSMq+cstiTW+dl9FliQlqMHZJI=":{"valueMac":{"type":"Buffer","data":"ZRzDr6YjVzF7msJC+ebsAfvcD+JK+ZA/yOL/S4TfqAI="}},"Dk3iy740PAGrKIkzlyQtT6r2BpGB3TvdUKijtQuSJ8o=":{"valueMac":{"type":"Buffer","data":"ylO+isTPryME0d68t+pGnlIrjDeWsf8IpGsJBGX1djI="}},"Dpqa3tfM+yKd90p1ZetQWEnKJOVtVWr0dGdjQG0UA5Q=":{"valueMac":{"type":"Buffer","data":"lJSiNZlLFsY86GSL6Im0H9In+fOmcP+tqch1RqJDV6c="}},"D8DTpRtwvfMI4MkfXBsXKZfU7cW8gZdK2PvSbf1MDMI=":{"valueMac":{"type":"Buffer","data":"aMMnzE3jBnkBMjeWxJaSCEOD+C+NvDY9QKCyeHjaQuY="}},"EDaq9AOTNPQiXjaS0tO6tfybgN/sGWMacsBq/dEucM0=":{"valueMac":{"type":"Buffer","data":"kNMiEv4cTu8sPBVn3hVpbNVd8zb4FQIw8cwG+9Bcoa4="}},"EGft71/95iJUvSUF3BcAF2Ht4WewcUcyE+Bs426YG58=":{"valueMac":{"type":"Buffer","data":"8bC/qXTFyBz7GFJdeFdPlFVaJ1om4QV0IAhU+IcC+pw="}},"EODDMLg7RLntQnbQFsP5jDZbD8LVAAgXYv7H1Qh/dbA=":{"valueMac":{"type":"Buffer","data":"7wczuaOp4XJouc25dWa8KUZSH4tQzmbNzGSk2n6bQD8="}},"EVXBVG6SJVO0KsYAHHeR+nD5Sp39NJgD8ujScllxn3s=":{"valueMac":{"type":"Buffer","data":"krnkUAucdsyhAMBj/zPEhtIFvcfYaTl/74ufK/wlJvk="}},"EXahoTi6BljHFp26Y/9sJ9lXW/GxVqv2zQoI8smaGnA=":{"valueMac":{"type":"Buffer","data":"TlLqar7mbQST6YQ/+xUEO1imTRPsHJdWaveGRG52QKE="}},"EYEM6WiLgTYibdGpy+a8aSXQcN1HYxymZLtb9YHbUtI=":{"valueMac":{"type":"Buffer","data":"0i0ItyOUY8l/o+Z+7KfDMr1DWYZTALuEXV7hNSHDJes="}},"EaiUCR/2IOKVCzBx+YJDCuFFm9JIXITb0Pr9d/gHmjU=":{"valueMac":{"type":"Buffer","data":"SmT2WDEk+LlYo45rjwtwnx4V3Qfiwb0oTpNGGIiyVYU="}},"EdIjxObXwHAg4q4XG4fMJklWPWsFm9ljcXh6O5yUFX0=":{"valueMac":{"type":"Buffer","data":"W164d4Hfs3nNigezqd6GLD4mVLqwaAaSCAw53/po6I8="}},"EepiZ1dERVJQAUFAz/Qg8DLJZMaTUKhNErJYUOdrThM=":{"valueMac":{"type":"Buffer","data":"P0ZeHwB2WHCv9Scy05SpTh4zUe7v57WuETq8eMui2nU="}},"EtZUvdxWvFkqsKzxT/zb3tG3fZ31I/Wp28BkcCXQZoA=":{"valueMac":{"type":"Buffer","data":"ebMuuSl9me2l3i9KLSwSuf0dIYk35KxoKdqrWw0tJPI="}},"E17vqzzBByLVVWAfLGUF20kniEUJJDvmw0R9jVMfCHw=":{"valueMac":{"type":"Buffer","data":"sOQ14nSUcdNeK6sRhWV+Yw26mHmq7IVthrHhjmZ/Ds4="}},"E4/84DVzuTy/K24VUhcovJcV27k+f9WavTfp27rakdw=":{"valueMac":{"type":"Buffer","data":"PhPQ2Nnmzje/OruutgAP1jSsqVLmANI5kzdwHYGp6Kw="}},"E9IQ5xyFAjfE64w0IACvRM7IoCtcakISP+zCbDjl/tM=":{"valueMac":{"type":"Buffer","data":"jv9bXmAErbZdppKCMthqM+ls95vn2zeOLIMDJmDUQFs="}},"FCwRhYkN63BkJMV3bFjwa6APTLrtM6GRDv0Lcptbo0Q=":{"valueMac":{"type":"Buffer","data":"uHP26ipuss9SothBbd53d41Q2Qtzd5r0AHUBM2MiuwY="}},"FMqAixhoIEyYZz77bzqhnskBTBMANV8Tce2Gk/60Jqs=":{"valueMac":{"type":"Buffer","data":"Wg6MlO8v6LdVWZfxmvZMxm7oRiSTABhMuA3V5oTjD9o="}},"FoPDKEqlp07Hhvo+A+Pjk5DF8c0MyHxWRTC4EyJNndM=":{"valueMac":{"type":"Buffer","data":"LiHJWnJ5DeXGmdu9CP+yY2EAaEoOgQjVajETKWgHjx0="}},"FxgXjD83ul3F5EKcnxqE4Dec0TQqD5DTrmWmmTqtc9Q=":{"valueMac":{"type":"Buffer","data":"jkx2gHlMpHid/m+CAa47lfRoMpIpH/FYZhJq6viy3RY="}},"F0aMT5D8SI0YgKLYZUxmVhUgQbG1gXsie+TODRaddFg=":{"valueMac":{"type":"Buffer","data":"gcZiFMnsQm67vjZDASk1AVafnW5lRmvlHBDvvFXFzJs="}},"F5Wa7QRbQcDWIWtMnS3ccMpwbPiQj2ILJCTNu+YZl/k=":{"valueMac":{"type":"Buffer","data":"FkeI5DihZPdKI14ZGrgjMf7U1pukWTv1ncxAu/XQWeY="}},"GHlWG8d9xJyck2LhOJaM69yp2DBnxmvhoubrV50CxFI=":{"valueMac":{"type":"Buffer","data":"WaqhPcEp89HB6v20ZfQ5Y08B1An19l1XwE4L6ygqfvY="}},"GImb9tX0NK35H50Ip5CNnntOy9fWSQY+3NIHsRjuUHY=":{"valueMac":{"type":"Buffer","data":"p2EUyGCOMRvePC6bzydTogoCv6Ps3szXDveRvfHc8SY="}},"GL62RKsXVnfWvVDOKS1Kms99QVRRBcMYX1Mzr1IaQ8U=":{"valueMac":{"type":"Buffer","data":"JBqFT5Vv/Ee4u6MKZ/Fu9YJKdSbN2dXjiPbM+9NsgFs="}},"GbxwLNONJvYGnEAMJUaA2vAhSCgCF0hyEsy2jH0qX8U=":{"valueMac":{"type":"Buffer","data":"U6Nm245rZl/qaqVSwo0q9sLcRPG2RZUQlMKf2NgDRAI="}},"GkyQ+5MkkTBcqgy5VQjC6qCZPHHjo8GNLpgmMRpnMtw=":{"valueMac":{"type":"Buffer","data":"0YT+EVwgFY0nqaNQ0n9M7EsNdjLkNXbqe2wksRCyh2w="}},"GlTZP+rpa7Tg+Upfhcq6Oj51HhmdXwOHTqb/QvAmmrc=":{"valueMac":{"type":"Buffer","data":"BBt8y+ixWZ3b4Vp5GQ0EdPT8OPLkwwqcXLkKAVehpfQ="}},"GvH6LQJf0eDnrwvmhSpSOXBB2R/8QBZ/d1Qbwk/0Pj0=":{"valueMac":{"type":"Buffer","data":"fRJimdz+F/Vlo1KEnqecL+0ylSaMYXEN8seqvkQB/I4="}},"G6kz3MKVafcE7fOe0HYBpv7Mc+AXOpxc3JWzacooIKk=":{"valueMac":{"type":"Buffer","data":"/Li6jJct57wu7R1XtcnEalqqnH1PA11tSUEy55HWDTc="}},"HGGOuOeAHCpXgiy6toqWrZ9e6pl+KxvMztsju1Ijb3o=":{"valueMac":{"type":"Buffer","data":"bt7ChU7fOvy8NSA9AQ/0fykwYrmhwUdLRCrf61BAfEQ="}},"Hbmo4CuqSx8ttdXr9SmbSVsfLInNkXecJJj82rPsyvc=":{"valueMac":{"type":"Buffer","data":"/l6kVNu9ppL18yNTVUeZct4AHsRX2BCJEQi3if6u1RU="}},"HqeLeqCmtl1SGrGM0lG/k023kOiEkp6YKN7Ff9WZhs4=":{"valueMac":{"type":"Buffer","data":"7/Bxah5Uwr/vY1bQ3x4yqR3u6/y43xtZBdvP4bUF6YY="}},"HrGzHNk9HcmcaF3GhR3osZ2z7PATj1y2oVoXkUXX88Q=":{"valueMac":{"type":"Buffer","data":"xSuua+FE1FD9ri0ECYYjnStDx4G0vj73P2O9jDO3GQk="}},"HxS7tKcXs+2Tm0bEgnue/2D0lJR0gQKj6bwA/9NRb2M=":{"valueMac":{"type":"Buffer","data":"Kt9lPq5I/7b7DVT5i3EEN5lhfSLiROy/TXKK3U9HvKQ="}},"HzJXdF5Je41DTE5lur/7BdCvLtGeHrO+/BcwxR7kUy4=":{"valueMac":{"type":"Buffer","data":"dt0z1MbbYEYc607Wpi/VeQQ+L0p9EDpBwtI/mhjVIgE="}},"H0b0mxGnO7+PscLckJTOuqV+BDJPhvMZf3mZvfVRe6I=":{"valueMac":{"type":"Buffer","data":"c8jH5dWhcJUM7lmtJo/EE3zFxhUNLuZbeLo/7YYaH08="}},"H3XfSS4ToaezQPlfLQ7OV/yGqj4c3rfXzS7llBgs0lA=":{"valueMac":{"type":"Buffer","data":"q5vD52FLPil/9K0Zsa/XOvwVOChzEDo9QHgsy6B6tiY="}},"IAD7ix+ZxdRE3fuMh9XAEo1DtcfuoA3LaxGzTlRX8us=":{"valueMac":{"type":"Buffer","data":"my+0wG7r4lI2fST5Emve7QdTsY0t/a7jEvlAVqctVPQ="}},"IAnxFYxkWd9OUNJYFRaSdsXTOobJeZsfqn41axxXR1s=":{"valueMac":{"type":"Buffer","data":"hPlo6UG1lgeVTsByrPMKrIHBw/KDC63FKnvTdMFsu8s="}},"ITHr+mJui0kpZKjpByfc4TMVBEa23kUeOvF/xP/pFGk=":{"valueMac":{"type":"Buffer","data":"u1RVGdLzyoI3vBnw+bBaNz6xON7SY6noR52C/HC5Kgg="}},"IYMUbm27QvfF8lRWOpw1xAnzVgtoksomUQ6J75JpDPc=":{"valueMac":{"type":"Buffer","data":"qKrn7DRrxshygGYxgPL4bLnsjRINBlNQBqbepUf5Xuw="}},"IcFzKZoo809JwsaAJAf2au/eLAvRt+GnCJv1/4gkzR8=":{"valueMac":{"type":"Buffer","data":"dLmzOE/G8BHVuofTiHe1DbBJESnTC7hYAeBEZKFE6dM="}},"IdpRHF+jKEzSjGDFPRIayPsKblowbVBrkQdObt0xXjM=":{"valueMac":{"type":"Buffer","data":"YzIqGSwzYRRt19hUOW62YlmitoyuSCEdXZn6wy5Ab90="}},"IfikK535o5Z/7lv8rsOv5kIcDsNSyTwQMHg4r5vzZvc=":{"valueMac":{"type":"Buffer","data":"j4JFSRw2Q9oCGAEjvASqkyuas70KYlyr+3XnbVXhPL4="}},"Ikq5AbK+NyDjRg+W5vnQp4o/X32DbIwvTSUPCzrO6gA=":{"valueMac":{"type":"Buffer","data":"Yp0kqqJRdqqhLUN+REbxIlqJ+UWKv5TDSTILHo2w67Q="}},"IyBoMRS93Da+ZmwfrDGOPpeAJVWzWukVZ2GxkC45/eU=":{"valueMac":{"type":"Buffer","data":"9TZqKXl3k0fP56w6WsHt9xJhgGs1x7kRtm/SSgweaxs="}},"I5YmSieW8G/cX/fha6ZefoyHjeXPWowmhWLTZVoGx24=":{"valueMac":{"type":"Buffer","data":"ygliusT3EjO74JSzEz1vNE8yEWt9MjBNBU+TDkTIFKU="}},"I+yOvKyMKQMjKuja8IOKeNGPo61S5lPFt39vDxttse4=":{"valueMac":{"type":"Buffer","data":"BrYuU1NehmWHrFfMSJZZEAblXfzJyvBPPIpoq1V37ms="}},"JTHlRCG27/AHkehiSljl/7XbWw62QniB/YAsMX8jF00=":{"valueMac":{"type":"Buffer","data":"X/i2w4ZSoqX8Nkul8bVaQDXLK8PSBBII3yoqLMOuJx0="}},"JTq4YoQIiPYEJrsx+zqhlUbuhcfLtfpg+Pl0lIDtPnk=":{"valueMac":{"type":"Buffer","data":"nNmzE9vxVBY9fkWjJGv+1b/xTcPCruzCIjK4z9OvSuA="}},"JeYOrY89zGJC6ajSRSv+BYSZM3nbS7qkywDfwRlPXdk=":{"valueMac":{"type":"Buffer","data":"fDYRJugDYAgRoEnkBDubta+wo/GCTSxZfjUouLsV1HQ="}},"JtK2L0ttz2WDQ14CPFK+VkHv/yE3ldFTe9TlZja9Wgg=":{"valueMac":{"type":"Buffer","data":"A7z8Q05Q0fwUBedAUODaVpXuUSnfuwe3gBt4iCxKRqI="}},"KDlU9rSEqOCkPaaroxUqTXlPUpZAM+/hEdqy1/0ov9M=":{"valueMac":{"type":"Buffer","data":"N+TjLx/uVrHMgh1/JsfhjiUwzN0PurGZWuwLk0qj2hQ="}},"KImpJzRWJLFn76ZMbJBsgpf+te4mZoVnWYF1Ql1S3L4=":{"valueMac":{"type":"Buffer","data":"4jjDxwXw3mzD0EohEFiH7bEIjHXQOIY62DIUKvIYeF0="}},"KbOva4D1GN/N0IrkjVvLg/gwDr3oqiM+DqaG1TCnO4M=":{"valueMac":{"type":"Buffer","data":"wiyRruLEJzs39TW6DSb8l/ohOSYDmBZVygyc660yt60="}},"KkasfyanT8OdP35pgYJpoDeqLghNlKbay0bdlo52pn4=":{"valueMac":{"type":"Buffer","data":"zxFqF+z0KnOgjVV2tRsh4bpaSo4jwziZOuuZ9siGlxw="}},"Kp5Ke52juh2iiQgg2H0rd8hNZPzlImre9Il4TDKHX9k=":{"valueMac":{"type":"Buffer","data":"1kjUzuQy1mxABlL9Cf2Vo+ygSSWzZDzGBAwtmTzBty4="}},"KsYWA7a6wUSyKZj99wGY3L6rehjx30S/rTcyPI6CGAQ=":{"valueMac":{"type":"Buffer","data":"ATzLpPqmWCESIFvTw+fFuoZu/PRTQMiPn49EfU6ZBo4="}},"LH49PhyMjLw1puSj1dcRINp5S8rsaPYOKrSqlSpQ2Yg=":{"valueMac":{"type":"Buffer","data":"ZBU93ePHTNq7gZIGfvGmr1ZMctYFlmhzhLB1amb+9zU="}},"LNPyx2CrqEm+Ttao16Qg3/0TSkbGdpMvBoTk1trs1D8=":{"valueMac":{"type":"Buffer","data":"IU0wddzk0v/OxIcg7hjRV9XS4wZr51GyYsCVfrBf0Q8="}},"LgCuuDxZN42PXqtZwbxs1/cFDGltq88EIpqX06bFpEU=":{"valueMac":{"type":"Buffer","data":"Hz1R0aIvc6DhkpLNFTH/cqFFWKGJ6iUxE5zZ8nIKZGQ="}},"LoC8761OSQqFwp2EOvn4pxZ66kLPTEURR0SMdti6kn4=":{"valueMac":{"type":"Buffer","data":"FF9trLVlv95dz1xV0mID8uvjNKJB9pJmB2SPVrjmnVM="}},"NFu6kppk2kwnWxx1IFiSY7lFN7wLkBxdRL5cC5aqkE8=":{"valueMac":{"type":"Buffer","data":"86aNNW+V18ehI9V8WyxjTgwWSxNXq2ksMAWGgsXbw5E="}},"NT5wqH6BYnY77kDDk+eaNnGj29APW1GGnp5LTRzA2t4=":{"valueMac":{"type":"Buffer","data":"RtR1mSl+ovB+XzvHhABIsNopJOwTO9wU/FsckSfQhbM="}},"NXbOJInhFjUnlZP6uZWmvthtNykGq0u6NzJqLD4Cbc4=":{"valueMac":{"type":"Buffer","data":"kQlbOLar6aR95of+5xTuJfaiMuAcTgWzpGcPRFQYFcw="}},"NZNm8uQH6DepjXaO64Sq0WcgX9sUT8JVjUPN02O+348=":{"valueMac":{"type":"Buffer","data":"ZEOODrlhooEpsc/mG3QonXsw0hA8un7erMBSclWap3w="}},"NZXC9cb/oHkS+dUP+78ltLcBnyGgkinpc329rt6dQNY=":{"valueMac":{"type":"Buffer","data":"SP4g84cIx1mvVkT8CDBGpwvsbyrpnhFj7Tm+5fQea4I="}},"Nc8PDn55vnEu3zIL4ynGDNsf4ioAkEWHnhqvkckSegs=":{"valueMac":{"type":"Buffer","data":"6xanThCCt4J/OzBOP/aVNL1l6/ef4axzPJW30+wI27g="}},"NfeZRfk/MWdcu7QcC/FS17ozXN2w8ItSx8/OJZpEIJk=":{"valueMac":{"type":"Buffer","data":"18sFOIIhoG1oKrp10CFauiP7jn7hxUPIJMpAWE26+uc="}},"Nq+nYpEIcfbgtuLq4vhrPjTIrr0mLe0F4b6eCZgT824=":{"valueMac":{"type":"Buffer","data":"5pAJcx349b3jzdO+UkHFvKXIuCp2vkXPf6tyhKE0t3g="}},"Ny+3bdV1yk4jkDsmaBrdeWMDwmlb/exLkQ4PCY3fBQo=":{"valueMac":{"type":"Buffer","data":"1/djK4BonC8cuSDniyLiWgIHoIOK2Sw4JPInFvr7lIU="}},"N0pxzava7xoCv3gj4jJ9sJyjYCrDurwGyqLcySvM9BA=":{"valueMac":{"type":"Buffer","data":"nmfx0Yh6YvcOb4B+uIgbEpllri4XBzla0nnzXo5lx3c="}},"OBZcT9rI0aybSKBPpRpkijdWFV5iiW8h91SPWasiZ2Y=":{"valueMac":{"type":"Buffer","data":"4Foy/a5trqCPdMDA4jCNn4LJzftv93ZjVF07kqa24VU="}},"OeaXPhlFHycsCrDRxY+tB5NIE9PZlNQDh10R8utdLuE=":{"valueMac":{"type":"Buffer","data":"wriVhpxk9rWoUFz09yzW8HReRvomOHyUc82qM5g8edo="}},"OzygRNpRWOAz+1f3wLOS54SXFwhqSUWESYzJFfOI2og=":{"valueMac":{"type":"Buffer","data":"9tHXPbr3DwIfgFzxpIk3QiLDs2X/jOpAIZNyKUHeVPw="}},"O6YSYRsh06wFS9wCzIYHZ6kbHvXj8bG0lD3+8LVU9Hs=":{"valueMac":{"type":"Buffer","data":"FIFn/zSfET24RiQ0c6JIs70cVaFaT7n15a4wCmqnuxk="}},"O6ihryQU6boJjgvqgv+SQlxtCzja0u9Z8cpa0d03dz0=":{"valueMac":{"type":"Buffer","data":"7oHQhuXn2CHCMtnGBV9TEl7oBP9k3KTD1SX/1cBt4Hk="}},"PNrS05eEvtQ7BvVKvG/2Vk/UMbRh7hrepzrMM5q7LsI=":{"valueMac":{"type":"Buffer","data":"gNkwOeJUlob/OV50XLN/iFnyzgnlHtZ+a8BS9UFf58U="}},"POVjlfrrCUkUdkdIi8QzRI9Kf0hTAqIZzMAawe/xuzA=":{"valueMac":{"type":"Buffer","data":"0I8afhsTkihe4B0Jmi1YObBSA2TXUfcoaRfARLsgDDo="}},"PWEFsB0/vOuelid3CjRyNxOPizArM9hnpTltneCDpno=":{"valueMac":{"type":"Buffer","data":"A8FTeJ6EVgEn7bPTy/QsoNR4ZaErZpd0YbgvO09H7uM="}},"PYc33q7MuwnNZcy+7PW0NkEZtMP/FInZtytQUoNk+2g=":{"valueMac":{"type":"Buffer","data":"wEQwe56jBRvkY/xJSV8FjC9KqVj0UaBXHjIcwxtMngg="}},"PbDBEXi9JAZ03Fa82ddP7wLqYV60xMNz367Aj5/LcaU=":{"valueMac":{"type":"Buffer","data":"qobKCjX79fpm1MwEYnPLhMsC7r2w9E5XwNdD63mxKPI="}},"Pbic9jQfqoP6/WAJznwfRvEVPqebHbu4pXiaTPQOTV0=":{"valueMac":{"type":"Buffer","data":"ZOxMyYlGHrTWo3/ewUlesDj7pgWaqUNeiLQ/OGriDlE="}},"Pm4+z6/3Xju5flPC6gQZeU9R4k93fHhvBS3GerhdLZI=":{"valueMac":{"type":"Buffer","data":"Q5p6cepBgl2g60ySYBQzQP5KrlOFeD6Mz7UOWrY1xV0="}},"PpF1cBmNo8z/LGk9wGslgEB41P4/ymagTzv988+DkCE=":{"valueMac":{"type":"Buffer","data":"QMwIDZ6pu/cDqquaPHddGSZQAVqqO8zllRl9bWcNVEo="}},"Pxt7JgveSBkorawg8/7gL2aEsb0IfnsnfFKGaa7bJKY=":{"valueMac":{"type":"Buffer","data":"mcnwnPaRZSPq3BNnAo+R1Whah97TzzhoYXZB5SLoeUo="}},"P08WYtbBrj+C7gtXtw75F3TZA0aRQ4VVVCkf7T5P/pE=":{"valueMac":{"type":"Buffer","data":"FcKFCSLzBIiWBa4EifHoET2z9U1KE7/+AagcLUFjaKs="}},"QPbupAd7HHb2MOf4mYC/bHrgwy9Yu4iESpoEPQwNvzw=":{"valueMac":{"type":"Buffer","data":"ebejhNNeTJapBq66Ggxlz8WYkWWSkI7pvzWA+i2gT2s="}},"Qd2NJikyKTAQr3N+GMdrp2iUy5+teFrp1Mc+pU1NDm4=":{"valueMac":{"type":"Buffer","data":"PE6DVDNUE0iIsovZdN2EBGKKZbaOrgAnITxyNFwE0OM="}},"QriRIOh5C/NLsaP1zNIbX579VU4kq/NTx+AkXMvGAU8=":{"valueMac":{"type":"Buffer","data":"zwh4DvvJf+JCLADSUbNbdZCORvgkHC8Fb4zdo3ecfZw="}},"Qx0qwglSigGVRvfDXhfpZzqvSI33R5qME/Olfue3GQs=":{"valueMac":{"type":"Buffer","data":"+oJsFFIVO0Hh4Qu3DpcmBrPYq+dum1Ghj1ci9+cBnFE="}},"Q1qcQMH30Yah6Uu05aTOhzimfKAdrJKY8RtZL+MKZLw=":{"valueMac":{"type":"Buffer","data":"WWlX7ugt5GPQCZef1qRNxELzSmXqXLWOsieT8v2rUsU="}},"Q1vZJjP9/PZSq0Tua7HNhVaMcW7oNsOA7wGaoHUsD5M=":{"valueMac":{"type":"Buffer","data":"9jig/OsKsNt9eik71FHJe8hC/LUMeZq+S51w/ifuX/0="}},"Q7W+76Srqg6UsK26iCqRHec0Rnh0RsNH5go1GfBWQOc=":{"valueMac":{"type":"Buffer","data":"Pl5vez88uuTNSZNqnMOL2h4oIqm0KS+JEeBz3ITppYc="}},"Q8IANmIFU22OajoYzIWwrF+zsT3S5Ik2UrAMElLgiFw=":{"valueMac":{"type":"Buffer","data":"7urW9GKWhnsOzWVWCYQdWMdEAmmIzoZlGu9cPP49J9k="}},"RIEm0sjyvAVM9LHdYZxbxvukPF78BsLDS8XGhJrhbbw=":{"valueMac":{"type":"Buffer","data":"hiAnJKcSFd8dAzTbnP+zsOBg1HJHWzT4g7pD0h2njaM="}},"RYJai63ayLxdRbjvA0GaaRo/ssN90PVsoaelk4Vfeh0=":{"valueMac":{"type":"Buffer","data":"KhFosR47McggegNB5FQ7z1J7XDIgpNyNytC1lt5+EMY="}},"Rhb/daSiwmA1ymzeu30n3GWHQti088m4mYlzMo4wpTg=":{"valueMac":{"type":"Buffer","data":"vssTZdgQGLSdvGH836X1JVBtJ2d+5hIc7rkljwfiI8Y="}},"RkBsjAqieXzR2JCCP9DvcPdYlE+AO/48o4e3NLxE3Dw=":{"valueMac":{"type":"Buffer","data":"dnJU+x+f2L+6SEEeyE4wBP29AurvUi9K0q8pQZzvEmk="}},"Rry4JVlB3U5o1iZT2uoDmfsaKYbwnY3FFmNbHMwJ0J0=":{"valueMac":{"type":"Buffer","data":"Z+d2bhmJGMtAgfOXISdrjsGc578L++ucyEVlPeV/kYg="}},"RyJ1UxAiWshqUMF2sI4n+dAb8Y4s4k3Fz4oELz7+7ig=":{"valueMac":{"type":"Buffer","data":"OhDxswApPcvJtcC6B6bz8l25Nq8LYYl5Ng1UdEhxx0E="}},"RyMUGMv12D3BM5gQov3mFxy6etw505rHF/w6VZ2c4HI=":{"valueMac":{"type":"Buffer","data":"XdBZlwGHLH/6TNxJrQ9G2IQzPOwQIPWaB2yKkWdhJek="}},"RzQBWvzL1PJJR8FzYx5/tKlBi7zq69pRNs5NVu5WF6s=":{"valueMac":{"type":"Buffer","data":"InPngWDqg5R0S/N/Yygay9elO6iXxK/lZcHQSASckGE="}},"R2QCk9+nRMDQOdYZAZQse26nLQXFuaiRGdhT3Db2Trk=":{"valueMac":{"type":"Buffer","data":"5+Jo08sgNy3Dqg3t6fc+x5zdWegyZ+7ilVeJ7CdSnug="}},"R91EVHKD66B636iveGE+TQ/zrkmwRU6YygCsCD/X0LU=":{"valueMac":{"type":"Buffer","data":"BmpChDWb5RnuMPYobO14kC7dS79ZxkvGYNRIWo2pNaY="}},"SPJboQPFBb8YSmIa0FhjxDue31NpCh00gLkKhS7pXk8=":{"valueMac":{"type":"Buffer","data":"m5u+Dpo69CwP5wKdSEdUmqscA71yFV/L4NXvQM4dNsM="}},"SaisMZe7sDP/CuMtMsXjIFu3JqimiwG48tJRdz85EwI=":{"valueMac":{"type":"Buffer","data":"g4s+Xdf0w9Xm1ZH1oncjS5ENfEM9WwnOPCpO5tyJBz0="}},"SdhEA1Ln2lKxeqju/X1CypHO7GzgUpoQY823eb1faYY=":{"valueMac":{"type":"Buffer","data":"aG59XTJEhIdPP0Vnky4kYc/CfNvNAXhSkBf1GVSu/rY="}},"SkJmqWuUwgyjc7RjzI330+r+M+RWWtnKWa6xITEiuzk=":{"valueMac":{"type":"Buffer","data":"vpyDRICIWcBtpzoB1zwHZdEuntL7z3U0SEWFWXi1LIA="}},"S6PSsshSezT6AMN9e9JxWTaTmDfXuNOqgY7SaI2OKBE=":{"valueMac":{"type":"Buffer","data":"F5BJhxPNX5qNAqcV+lVpIFGT2quleQx4zJFqPsnSN7E="}},"TPYgeUNWCoTxk0FJB1qVpF7XrESJKu7S/ZELodFqK74=":{"valueMac":{"type":"Buffer","data":"c1RsAMW6YzfmU5cp57v9JBhgH5avr83MXIqGbYb+fYU="}},"TVoG+IippiNcuj+zpNdzIjKSMB6qME85lcxmH9kmrJE=":{"valueMac":{"type":"Buffer","data":"gE1y4CdMU00gRzYt1D//K3Xay8iTWHKO3LSufJf8hEg="}},"TXt1r+cZFyYD7GdbCRb6P1Ay3FLzPZHeVxWdrMYNqkc=":{"valueMac":{"type":"Buffer","data":"1rooRTRT/GYjQLGoOjowMBaC39byOMS1Si3WUBYiFlw="}},"TbrK3z8gJAZYdK1vs/w3tDysnD+yzIYu/9KQ9/X5Vwo=":{"valueMac":{"type":"Buffer","data":"3/1aG+vXg6RddE/xlEWPiUQbJ30PwCcmRk0qQidom5A="}},"Tgl9L+Ucoy6R2IUfqiPLtzMK0WEWqN56DeykPUk0BHQ=":{"valueMac":{"type":"Buffer","data":"ovuTCeaQRoaAlF+egM8+Wll+XqXc8O6xR5NNxIm8Sk4="}},"TlkSNtYyBHuquD0AWVUrfjuDf41f5BRKA0Gj6RYDe6E=":{"valueMac":{"type":"Buffer","data":"Jvh39jJzwyL1qnEgXPOMyW1Ffd7GVSYfYyctF2sjo4U="}},"TxH1c4abCbtNBrNXkgfhp4+S7ai/PL93NaLo3JNtIbY=":{"valueMac":{"type":"Buffer","data":"MPHEFtBFTT0xwNUyKMiqp4fZz6ncim/rfYd0rwAh3xc="}},"Tyz1b1pfIzNOmSpFXg4EzPVP+SlopBEajMOF88UeETM=":{"valueMac":{"type":"Buffer","data":"UxXoPECHf1KSC0uDX8J5D+KEr0unrKcuB9r/WwJgIAE="}},"UfNAP97oUuxSne24HtQyf7Qyu6JXDSaYAele97iL/lo=":{"valueMac":{"type":"Buffer","data":"zY79SA8qbMFQbKqYqaSxV7mgxz8+DOi9sszoRvfV1q0="}},"Uk1bb73ACTAZkIUB73JpetT1G+gPihVX0pdj1txnafE=":{"valueMac":{"type":"Buffer","data":"T4aWStF1OWZg1iqRMytb7B0rJhlKm7/rYs2So1IG3Lo="}},"UokoDCUyhvDRizmCzOYuu5hg5VEr/O+Y5JiyPcULNPs=":{"valueMac":{"type":"Buffer","data":"brbTHxzLLJKxhzxPdBZ1xvmxyAWVIAZxRUetd5zD8pA="}},"U6M4xJGMdm8ynEZgKch5Wuq9duoHc4PAyD0vEAVNJF0=":{"valueMac":{"type":"Buffer","data":"NMjn2EPxP8Ar/4lFCb515g9Fitlcq+l2Od/FFf/xUpk="}},"VG3PudbVNqmkXhVXxVOgFx5us2G6a7Voti71Z/isB5M=":{"valueMac":{"type":"Buffer","data":"/df8nZyvUG2qxhiKKZk4SQQscmFh+GfG1nPGY4A4Dh0="}},"VIjXXxjAwWRM1NFRcRzni1k7ZaZdsXDxTt23YvL7jwI=":{"valueMac":{"type":"Buffer","data":"FGlyBEHmnz/2GAB4QA3+68230tJ0nIm2dT+amMuE74I="}},"VObFTIsE097fC/FROav7CEhQq7fxq94mCvP86shGfBk=":{"valueMac":{"type":"Buffer","data":"OAfCThDGTC/izM+ruESGkmh2DOYeIEscQQn4TNbyukI="}},"VOrqqxsCDhUgaucBXxGqjuXdD9EeEltZ1PFMzPdJW1k=":{"valueMac":{"type":"Buffer","data":"2ZE54mP2W/91jSyqXwqs4rliCYnfqUgnrr9oO3D6eyE="}},"VQJ3nDAjrOi4FC/Jzc6QfKEPNWXQoZ2IQZNs/Tm4m98=":{"valueMac":{"type":"Buffer","data":"/1+KfmQq9azrGlOc2Y2Kl4K92sovHuZV2wpGLurKTHI="}},"VqvIAMfFJfSO6uHDcXpdr+ISSa1Kx7R/kPZS7XAlWlc=":{"valueMac":{"type":"Buffer","data":"d+6Au6JxR25EjKB5BqaCQfowtWsuKCHC6OD1EgJQEB0="}},"VsOm6Uu2lmsPurE172tiM4459q48kTAgp/X/rjympe0=":{"valueMac":{"type":"Buffer","data":"XKG1CszNulVUiAwIzSS7vN1vBu2Si4qq39YgrHKO3gI="}},"VylNTwDG4S9M2UmWcKdfXtY/pNeEN/k1+tT3Jn0sf4Q=":{"valueMac":{"type":"Buffer","data":"+AbzQ0DjN8V7tx7V/TK8qiAwYoYxdSXDi4KkNCVsoOw="}},"V06X2TKFqGsctFkYQKj5BB0aOhqLxigWqq0ToguVAxg=":{"valueMac":{"type":"Buffer","data":"srLsc2DWctzKp3oaJYu4s+mMrJQ8m6KmexK4D139BaI="}},"V4fWGkcmk+ehlQh+z17EyiL8tx4k7i+75Dyza4ADahc=":{"valueMac":{"type":"Buffer","data":"eqKnCRWxpDSoWLx4R5Fq7sIYf3hMPpFeYx7J2MPNbQE="}},"WNifDhBkzO8WROkPei37ZwmiF9Qrx7lPaKOfR1vk6lc=":{"valueMac":{"type":"Buffer","data":"f2OOeHbd/nrnbVrYqNxj1MtrnMvPdE3xgdc+tlkyxfo="}},"WTBdi4xKmQ+BLiJBEcWkd4mzOYmq1C/6MZQ+0YVMjHw=":{"valueMac":{"type":"Buffer","data":"BnRWFfYkPbZeN9dGJSQWzNr+NTzvpnBfU/UUvt+BNSk="}},"WZp1GmCeLLf1qzqbYwz1CaPS1xbDUuDojqyta0zb8s0=":{"valueMac":{"type":"Buffer","data":"fsuK0LGu/n+9ZJ0qicm7ctM3xclwzQGoA+6FDKKjlNc="}},"WdAbczut742PyMT4ZiS1tgqI2gxr1xpeKIiOUc2YjIk=":{"valueMac":{"type":"Buffer","data":"9XQhP240lprFr944Vch0K+HUmwh00a8OH3Zw7+POTm4="}},"WiEnunNKH962hC6tYv/rAYPUuXqCYHMMas1AzWKVBfw=":{"valueMac":{"type":"Buffer","data":"DeVqC+JHY0PrbnVcyq4y5w3XsShxJPtwYdKXe7oMKTQ="}},"Wn2++5gtxfzN1iNBF0FqEcVSdG4euzbjcfSaDZvGN1c=":{"valueMac":{"type":"Buffer","data":"wM7olthJ9U+nbI/tu+2EaWSlNVcd7AINHXMS7k8XD7A="}},"WvGYqkexAxI8xAfmuHh7D3BwvLLVw5dhzdRhMfjBNsY=":{"valueMac":{"type":"Buffer","data":"yQTR9gDKWIhzO+QEwhLUTqOthJBGZpJW9nVOHlauI+w="}},"WwxejKlAHtsHAzBLX1ytI6B8gkjhFu28pGtS0VqSepw=":{"valueMac":{"type":"Buffer","data":"AIoDYLJeM/dA91ajlFYBX/bOl98KqKQiTjYSLsnGVn4="}},"WzORnisu4Ym/j0vCZgQ6fK4KbMRQUUmoAoDaPtdC6q4=":{"valueMac":{"type":"Buffer","data":"8Hq3iTwScUHwye6Q2p/6Agh4TG6JPqMeS/hDFtNuZjI="}},"W2QzKB/Euc9u4JGlrMCiR3/DGUH/G38Gd8mh7BrNWUk=":{"valueMac":{"type":"Buffer","data":"4R5mb4bXilUvt2PL3SI85x5eXfc5b0GPjy+/z4Fu10Q="}},"W8+cDq+Txi5+6v8jHOt/Qw9VvTg9mkQw1Ai+d6pUpt8=":{"valueMac":{"type":"Buffer","data":"7Gy9r6hK0xZ+tevmcjI/7UZRJjcrha9IC9uE9jSl7jc="}},"XH9f0CZ4J8aETUcUDcaxAeNQGKBywF8dVMemXxizy1g=":{"valueMac":{"type":"Buffer","data":"7DAJRum1eDuewotrb2pvb0O2BKdjUzwN9hZn3a/nabo="}},"XSYSLALE/6QwsltvDEyCDcbVUZkOZCCp8djtOZFKxv4=":{"valueMac":{"type":"Buffer","data":"qdRMnE4xuWqPLJ/XmfflC9h2iiLAabkTunLM22YmvT4="}},"XoO8v9HoSsKI8NNcK2O5ck+Yb7at+Dca1t7wR+FvRS0=":{"valueMac":{"type":"Buffer","data":"Pcjb26Q8SITBAfo8lyuhw4g7Lau8aK1lWuT+Ft9aJ4M="}},"X6TA/jWQJ1L0JMjPlBdBj7goAU+RBpC7MDKsPcNbynk=":{"valueMac":{"type":"Buffer","data":"RLoUqA3c7UHUydc1AA3N6X0XGXUv07PWIggFS5kPCAk="}},"YPG17CAGPjcFf/GHv1tTAX0w6UeY4KMTLocPvk0nU6o=":{"valueMac":{"type":"Buffer","data":"cVyFnp4WjtGfFImpS1lXZKWNpye52atkj/b76NzxI1I="}},"YSvfXi83JANpfIwWUS7UbzP8Npg8s3SNuX0b4kRSevc=":{"valueMac":{"type":"Buffer","data":"4AM0JcKpjCGw1AIhb46D6emg7Lj6TrfXkSWouKm4otc="}},"YT/Gzby543O13dUBVBHQBrHA+vUhrWyFnbw94TEWkOE=":{"valueMac":{"type":"Buffer","data":"j+P4XH8HO63ZVNiSkNdyprWYHLWwrmvD6hFqNufWGB4="}},"YUTIpVX2gT2u+tAjjORr9RiCBleh7QVjEMump38Wgp0=":{"valueMac":{"type":"Buffer","data":"2XjAnjcktGJl3LRx37qIn4uNQDgoRQ/ksOVe6Ed1dTg="}},"YsCLmRjKmV8cGXD3pgpM9S+62/2cYpwjxaKLbmatMLg=":{"valueMac":{"type":"Buffer","data":"9BmTyl5QK3K76uVc61O0cqQ9thUxLpTXFJI+uMvyzKo="}},"YtjF7rG+vg/J7PhmXFWusZR7nYa1QXzBzDhoA9moKpw=":{"valueMac":{"type":"Buffer","data":"eWA9rHyMYMxxlJrNNHyg14Wd3TdYHs2m5S7Dy+4ixRM="}},"Yt21v9kmGdv5clXFm3vG9izoPY39/E4wIitXpA6mSHc=":{"valueMac":{"type":"Buffer","data":"brKXhQTlPBhv4VyaPKM05PKGd0XC4iNG8yws0ZrkzWE="}},"YwhJbjVcaCVhJ0ORBjfhLUbsVrhVQw9qGXJbcVOzq2Q=":{"valueMac":{"type":"Buffer","data":"XBdBrFK2O+RN16qjCjaipY5orBwns0/iDJsXd8u1TMo="}},"Y3RDWfG7CjHSnbt7xc2Oyz93xoS94CqCNxiE6/kWmLk=":{"valueMac":{"type":"Buffer","data":"qOERv+4mi765k+IRG/otLViJjveMPjQgCKg7BEDmh0w="}},"ZNDX67PDPhkBEAnIsvW5N4DwLT8NebJozV4syCt9F5w=":{"valueMac":{"type":"Buffer","data":"C9XicE/iLj8AgBWQfBztuKKHcPlN697iTKoZGQNa+yM="}},"ZUHw8R6c3NBruXRApgSfh9K9ejlnY74R1CcZaEG9++E=":{"valueMac":{"type":"Buffer","data":"2Bjm0meby313EpD0JAaiEoyRuQA5VKFZPDSMRebS/oI="}},"ZU0JXP7+wXC9bSdTCYZjinEkw11cRQS1yWOGXzeJKpg=":{"valueMac":{"type":"Buffer","data":"U5o9sg1yYgda0cKRSvG4rSJpmHZU1kOCcneUqxBbuZM="}},"ZjSEDngwe8vumW7y+aTZNVx+8Qag6fpZx43mYBh5r9k=":{"valueMac":{"type":"Buffer","data":"Z4xmrxPj3JmAzl4bTTR0qTUnGhyyNV4J5c+65BEgLPk="}},"Zkg15yGYHLhDF5qmnf+/dT/CMhN8dJOEtAyp/aBdh5w=":{"valueMac":{"type":"Buffer","data":"Zzy6cIDMXlPGLRL1C3mDFT7Urj/6ONMvHYsl6izSqCc="}},"ZuQK2Md+X02BZSCKz6PBGd+DjGONOAmLiNqyU2X8PJs=":{"valueMac":{"type":"Buffer","data":"bnYol3hE/2rBMnDul1JgNdEyQiL0vT266PCekfE3AaM="}},"Z03YvR8QTXqPJG/uBtrNtxsbJyNj7C0Vmt67d0I03MY=":{"valueMac":{"type":"Buffer","data":"S74FrR06CdOzqLXN5PkdNFYR0oPGDACbhkg9zLRtv5s="}},"Z1s/62wyeT2yjJerRQNjmA9WiW8ilbsM7qkgtoHYsiU=":{"valueMac":{"type":"Buffer","data":"Nzhf+Ge4PSU3bQlqaM0bQeDEcEuCcs0rd36u6nquZvI="}},"aRJJovdD0w6GPL7WsYAQev/dnVfqU0zz65HMaVvo6is=":{"valueMac":{"type":"Buffer","data":"qVZUerfLorQ64ujaCKbMPQOgQEMxxXIwhnkVtGJ+9PQ="}},"aRcDnNtrtQkyIsnULTRrXKhd5/HbpSe/o4dxVMl5fA8=":{"valueMac":{"type":"Buffer","data":"ke89bEMop9AU+exKkKH3IGXax+UKTwekkdL/0nK80OU="}},"a8ju33ekliiS85Dq+UthLec5K2o8O7oIr0ve7Q1W+zk=":{"valueMac":{"type":"Buffer","data":"X6xIxWUfqR75SaHkrHYN/37zYDhcror4SjAcQH3n5MQ="}},"bFDXGN2fWuWB1VUofyME7WLvFgKkdtYAbKXwDSTMqW0=":{"valueMac":{"type":"Buffer","data":"fywtkVmFpoWWRfKyU6WDnzbQjUqcT+fRl0Fw/AsstGY="}},"bL5Db4gjCqslGF3JvpD+eYSxYE2LCY6sCXywW4Ly56I=":{"valueMac":{"type":"Buffer","data":"CAHPF8ebTHm5tjuULakjFeP9NaT7G9ZYoPZdH7q4EVI="}},"bUnFpD94/n5PZ9P8B4wX1j7rcwlB1ON+oa1cLxP7Irw=":{"valueMac":{"type":"Buffer","data":"vAQibv/qHpKa+wjoV7AQzVcDJNbLSFL2o18cGdjvBNA="}},"bXUz2cuNuihtRevR7/nhgNLBBh6T80XMXiPhwjqg3ww=":{"valueMac":{"type":"Buffer","data":"Fu8e13abq5Qju4LfFnTJZcskXJY96W32URLrIy9nxLw="}},"blnfIhdFLfl1K8uCz/dMwMJUXXpAlgInKA5aevc7oBg=":{"valueMac":{"type":"Buffer","data":"qY45h4pS2YJw/8suK8ekhCTs2vVk83+tFYGKkUW6WTc="}},"bmzf9XBDWW17CLzOdbARfqVgRdQPeLfNvZ4Dhe9v0+c=":{"valueMac":{"type":"Buffer","data":"EJyNAjsNcBYAZZYicFRBGi5lsF2oXQZkapesgRBYWpo="}},"bqDFdKENuuocn4/4eNVZ1lLfn1QpHwSViPpm95BVEU4=":{"valueMac":{"type":"Buffer","data":"SDUfz6liPO9WTU9rEF4wT9nVZgmDsdRTFztFYORnkBA="}},"bv34pYPsUPitB5ddLVT2ixTUlQalSNvBJEO9Tu9MPUo=":{"valueMac":{"type":"Buffer","data":"dYJz2ZoRfEi/i92y2E6EX2tAkqZuKeCueh6cWy56U94="}},"bxJHywzUvCK7KYpYx+cZZxlqVokQB1rv7L53Qy8E9v0=":{"valueMac":{"type":"Buffer","data":"oG0Upe+GHLDNbvd4Uizu5hwNPsVQp3EXzvAsX3cTQq8="}},"bzs8GDLL+kArlvPRpET9wnmYGdgqg8JAiP9iqnA5g0M=":{"valueMac":{"type":"Buffer","data":"pgcR7Cn9OS/6ccnLTw5xEvoYQsvmjjezMwc/NDPrMZ0="}},"cJbWlLf+86zjtSKx51yc3HIm4Rci76wOGYGgKAxIZ+U=":{"valueMac":{"type":"Buffer","data":"Xtt6jPEvmolrfVY2y0vGP4cAGbpHKac6Zooo0L/q6H8="}},"cWKl19zK6fKnxD2uDSTwZg8WxT6kasYGTM9FxuxCYq0=":{"valueMac":{"type":"Buffer","data":"xnj0oeuDGpzaAwe/qzgSNkM96Si4ZvOwUozZNBO8odo="}},"cs5kIFiML0F/leD9QxIRSH6dO/pqBvuyFIDdCzIFxmw=":{"valueMac":{"type":"Buffer","data":"o5P4dB6abQVbGwAoiNOF2TWboJBb3fVjBEDDNzrt4NI="}},"cuWcNqfvcvgoint93+aY1EA8k+aZjisDvMSqNyKx7WY=":{"valueMac":{"type":"Buffer","data":"QyAQjVTlbMLXQN4ztVxYOtDjeOm4O30s78e8X0Nk8XQ="}},"cwGSUQ7LmEkL4DEda54xJ+p3rYtZkup6YwPS3sx2RnI=":{"valueMac":{"type":"Buffer","data":"+e+iUR5l0CFp45TKc2EnYM4kvj6x+fslyFb4QZBQA+M="}},"cyl+iSzd2VaXy5DL2UAmWptXbKLR77z94AoQk/gFJY0=":{"valueMac":{"type":"Buffer","data":"OqO9khO4tPJRVnvyLN88HiIqjDZJVzOBwS9vyCD6OsQ="}},"c3g+D8pvNeNU0oN4Gn3z+07PweYHu4J6ec+FxOb/2Ug=":{"valueMac":{"type":"Buffer","data":"9pe8kpE0+dGldyCTVx7HW+FDeDRLfn6NNO87T+BnQdA="}},"dO152VIUjIqmu04cP/NZZncy6ogRP8IPco8GCUzsvgY=":{"valueMac":{"type":"Buffer","data":"sxzIhOB3CGO89YfZWJ4rkuu2QVOWLNdizUj5MsHcPT4="}},"dXLK7bDsZVoZ6Fd2gmpmr3QbgLjgkATZ91mQb0/hYeM=":{"valueMac":{"type":"Buffer","data":"YIFWqQqcX2T+Hbj45iUwRqlvebVnV4ajXy2mOWgU6/M="}},"dqK46Q0jy69kY4TIK/vyvI6PmIHI6d03AcexfufopRM=":{"valueMac":{"type":"Buffer","data":"KcRNpg/UUbaSLkbgKMNSuZ++gNIpGRKSPDyV3ybDvY4="}},"dwiyBUWnXCE3iOCmBMX9P1wfT6bJlLJOmdhy/23tu3A=":{"valueMac":{"type":"Buffer","data":"kT+D8YmpHrdk0EeDswDIY8H2UUFm5MtxhBhItOr7p2s="}},"d3W6ckAFENXIhMx/RFjK3PImMGhyHkvx0zKS2a1acAw=":{"valueMac":{"type":"Buffer","data":"R6FYuWfpb7178KMfkeqB6Ea+l7G5le55+rFbzOAzPBs="}},"eGXaPX9u2wOn1tkIhu+gNr9TjHF/X/aofiW/coes3cY=":{"valueMac":{"type":"Buffer","data":"i/ooOcW2cTVUQ1vO7nfUwVgWpMQbKVlK3Agdq5johY8="}},"eIqGsVKb3QEB+qgfEY7VVcuI++9BwBQRDx60JgNLIQ4=":{"valueMac":{"type":"Buffer","data":"54TtuULu5tnLhKuecAPFDfhTPV0CMXlu6tCN0VSuXiY="}},"eUQYMVM0durUtfobFRq+at6kdATNbz6cm1jHA1iorL4=":{"valueMac":{"type":"Buffer","data":"OnW2rFZV17/kedUCHvSywWHYO+hNRdlA1vPiICo63X0="}},"es14WwTqBj06GKL7rX/I0oluwvZZN3KInq8rJGf768k=":{"valueMac":{"type":"Buffer","data":"YfG6QT6R643BOBaqp2JfhbjRs0Zb/MUDZDiT++svLcE="}},"etlqgxBxQiH3CnQ0XweyZordnVl05IfEKsHZxUcixEw=":{"valueMac":{"type":"Buffer","data":"n8UaRUS/zVTXzLt/uammaoHJL4SUvX8hMahb210DYbE="}},"e8+/lPhfckwLE52mnGePrBmuTUxgsISYTUJA0Z0NCXo=":{"valueMac":{"type":"Buffer","data":"qLWK2FnEzB8iURnCLdg59kNvWl4uilEdxt/WGO8fOHw="}},"fAb7Ytt0B5TGY9mN846wqW7hoOTtz1Bsy9b4VbCbZn0=":{"valueMac":{"type":"Buffer","data":"Gwf0goPssRjJFStUU9Q1qAsRXYMUshS4uXFwRR5xMs8="}},"fHTemF5AUavsvpn+l0J6sTTBd0VyvSWp4IhbeKO+5Ys=":{"valueMac":{"type":"Buffer","data":"feIY0Nky0KTi0s6f8oG8/jZ0mlVTyTfUTdKhzI1MqEg="}},"fIl3Dt26GU2FEeCFtlRF2ZlhsqFbWWvQFe9rtWDN54c=":{"valueMac":{"type":"Buffer","data":"0xOD+LTMjzA2tMnY5cJHQDO9oJO3SS39owIM+XjUubY="}},"fN4yMFyplmE7xllkv0c+YUxawSZlSeZwWT/Ji65kL28=":{"valueMac":{"type":"Buffer","data":"orHudSIA6iJ9BSQo4htNpR44kLM0lICKVoJV71w/2Pc="}},"fN6xFeX1Z6Kll2U41dxR+Y8QBBhcnrzoBmSv8wf3xEQ=":{"valueMac":{"type":"Buffer","data":"i9WpNczd/j5v5Zjuk/LMUv7OlaaoXsuTwBTbv5goNeo="}},"fezTQlu6jKPYv6jCVdvzslWjig5MvRNtKNe8kg3rs2I=":{"valueMac":{"type":"Buffer","data":"GwEDHVVGcWjr40Eq895NZUQZQaKz5HJZKPTuSFxrurg="}},"ffrcJNClXzpq+PDsju9e2f9UU1eAngeprUUk05D/SpY=":{"valueMac":{"type":"Buffer","data":"UTS5ZBaGr/WbxbBjlFXYMBqZDu2RTyDu9pGkX/xtFmc="}},"gMiJCaWoLbJzQbjWiP5l2odLXfQP30Hqgdow18MZUEQ=":{"valueMac":{"type":"Buffer","data":"B3Jl3aYg3t8yJh/HbgAq6K3VxwRFvwigwzQ62WBFktU="}},"gPa6Es5R5pRbG3madBFY1dT4/tZJgOnpBsxV21wGbOU=":{"valueMac":{"type":"Buffer","data":"nKSaK0p1dB9bF9riuDUudjShj48qf6kdpHBmfnqUgsg="}},"gryCeoOsOlnAhMd9TI0hfmzdxNtYBvAb0zcEDH4H1Y4=":{"valueMac":{"type":"Buffer","data":"O4GRf/RfMoVA8pST5bsaiM+i4h+7/cVCSDIq+AdtRsw="}},"gveX7wMlISb4FCoVewUk4jXH7mDcGmAB0+1XhgdxMFM=":{"valueMac":{"type":"Buffer","data":"XX64mQvluD2Mp1x+uEIjcvYFVQnBpmJH56USxOXZfks="}},"hAKXOj6oVgs4JGCt2rvDaxFrUA+R0tK7fjTAdl1xXto=":{"valueMac":{"type":"Buffer","data":"gxRez59TMuCsvUycFu7K98dkpDatQkLHjY48fA5XW1A="}},"hC5no2rkcszoUAeEALmo8orP110gPrIogkT4pGuiiYU=":{"valueMac":{"type":"Buffer","data":"1x5rOypQADLuoG2NHKNyJMUqocLUSndl5m16pohK9XA="}},"hRUWDowi9wkNyS3+hzRInc4nDD9iwfDVD8/VOYoYKoQ=":{"valueMac":{"type":"Buffer","data":"7QgA5GmD6tAZkxkWjgmKqfHiQjrFjHVxAstrLQAbHZk="}},"hWq4U2UsJt0dhSY7k8WSremUdhnHZOp8owSlFM1xhqU=":{"valueMac":{"type":"Buffer","data":"khfjdffv5Tw13RRdJBQlNG0JXSt084ymf3tQRa0528w="}},"hn/NFjbmSqljQ0e0h3YW/e5LmCjUVOvR85Tq12N5Db0=":{"valueMac":{"type":"Buffer","data":"Ght4PjCKaxJ8bORLg8yPoGWvtApy+qqeccrhbNRQWCQ="}},"hrWxwZsORTgfoymm1QuPQhRt303nBrsCECrMbwwOu5E=":{"valueMac":{"type":"Buffer","data":"srFO/KAJxQeOjG4QR1pg5wsWW8vDBH4AI4sDGubH/aU="}},"h0LmAKgKcDzecGTJZg7TRjcU1s6ojA30RE2h9sAYO5k=":{"valueMac":{"type":"Buffer","data":"exMJzy+41ny25T525XSNVfGxsdfzIXx7VR+sjXtjQVY="}},"h+RSWzj9WFtdiy8xKg0/t6L1a41e+43/X2/NGvfpngw=":{"valueMac":{"type":"Buffer","data":"SYJXM4WEzmvaIrYH4B/6PNc/jqMh8ZIklOnfald3Sw0="}},"iE20WoI9kjc8hcw7/c612cbDj8ISpTAUH6DxumoJA0Q=":{"valueMac":{"type":"Buffer","data":"47JVEDUJSQHjyiOtxj3xUvPIey91y5R+8RNEwmsPIQM="}},"iPh/wjsk685miYHJpgRaqV8mE6XB/Gpd3NwUfTixmuA=":{"valueMac":{"type":"Buffer","data":"mkOLnbPMKaFUv4VG/LxzIyvCltFF40t8JDZAGt4Sy+s="}},"iTLq5ZdqgoU/8zS87OQns1PH6zTqVUF1PFIx0zGCfS8=":{"valueMac":{"type":"Buffer","data":"KzG/IMpOWVXNMCyxrtsjyS1TEwQ3Kw3McV19uVXIljU="}},"i5LeJB1QWnAmLM8ogdZ8g6poYDhNMpaX+ywenEVmMeA=":{"valueMac":{"type":"Buffer","data":"W+j1HWXqVizJSZd2AbJXTWUi0wzj4oFXWFBR3GMgYGs="}},"i7I9KWl4PpnmEgFMFuXFyD38iTTcrch+621i33UieFI=":{"valueMac":{"type":"Buffer","data":"jpvo6IBf/pxx9HUD3OwlAj+cxtHIY9L2EkIHw4e6qxo="}},"jOX43EigCj1t8oyQskLfEnwIFSBYCMVKGd756Los0SY=":{"valueMac":{"type":"Buffer","data":"6ypNgsSR9xwoPXegssCmoWVdUvWawlkO4XvL89DbkpE="}},"jarGIaCtTohQBuI1ZvlzP2TLIJ4HHveZsvw0M0aKDtI=":{"valueMac":{"type":"Buffer","data":"cVUpNoZ+EwUSvUSG9/yzUdl8Zt5SGZIvTmm/HuS2Aik="}},"jetAhsR2zZnxH7Y3Xo7vsmAMJFKcLwzGglGzF1hNfRE=":{"valueMac":{"type":"Buffer","data":"LHdyFfK8wEg4U+Rk7n/gcmqRs6FC5p/HA9yW0TOYzUc="}},"jtiWmSupFbBObaCGZlR1G+bKRbwTdnKc/s4aRX2JeNE=":{"valueMac":{"type":"Buffer","data":"RhAEYpuwVcKm+fB/3l1GBX/n7IoLz9hoRShovYnmDyI="}},"jvQGus0SMKEN34KvyCxo5xziKUPWCP07juHk6kBGDgM=":{"valueMac":{"type":"Buffer","data":"txCQ95mNEwJFQbBn+vp1hnH4b7rojcuZawsRDmNcs7Y="}},"kGgyrctY/w3rxH1RxUt7YbLKp0//YI+Rcf+H2UgE9Hc=":{"valueMac":{"type":"Buffer","data":"xVgOuuFxm3lxn7ZEFzb8ItVy1zRit0tPN1GxDgq31cI="}},"kORISr0aiuyZtMwC7PefOPXgikgKA4VXsz5bpuKfsoI=":{"valueMac":{"type":"Buffer","data":"1k68o3p1f2URs/gbZMaqSaoW4lihMmUgAoAnLInzre4="}},"k/Mvi/DU2ByK1ciP+dXyZmSbwzd0G0RRniA9LYJPV0E=":{"valueMac":{"type":"Buffer","data":"+hUecBGLkD7HDwQcf61sEct1lnN0eP/UUjXKO6PxqQ8="}},"lPRFoK365rIuRgLl/SIe16MeKRZKH6nz3uMWt1DUNXI=":{"valueMac":{"type":"Buffer","data":"kjLS42F8xmdOyaoQ7iUTzMoGmHiz+RJKp/04wN0PFiU="}},"lkoVw2KXN77BCrdL1yCJNvJIAgn04QzC1WgRAEhx+XU=":{"valueMac":{"type":"Buffer","data":"ogewyaKjiYCVgbhjVKlrUFlSxq6Ry+NRO6l9mcGo2IU="}},"l3SNHzufB4rIcn5VD8hFKdUCsxSAUL3FXEyrXztQUVU=":{"valueMac":{"type":"Buffer","data":"JS+EcdxaC9deMr5yx70kssFNSq6JIEyYqoCaQ+VqgEA="}},"l60Ff47IUDXi2r1sb0FldjBQ5OkE1WIzQg8fbdSE+vw=":{"valueMac":{"type":"Buffer","data":"ZQJORyNeUwFo7h72FbZmFuJlukoWVt4hTXZJ3MTbNwQ="}},"l7z7BMs9ovR/JiNGYhWCqrXXa4eSPxoOCmpm/fDBEio=":{"valueMac":{"type":"Buffer","data":"7OFkJ1RHD+hY6C7E/ppXqLtLKGXPrAHIpzcIA6CYvm4="}},"mJTqBk/9aCphawyVvZYMg5aeXCe2KvaAyo4ueAruzTk=":{"valueMac":{"type":"Buffer","data":"a2Ln5LM/fgtsh7BBURygtkpSaO0Jo5lwf3LV1wNB3B8="}},"mJ6IF4/NDYjFDNjx9OzmPk9AjvfN5Knr3ZKC2/BPD9A=":{"valueMac":{"type":"Buffer","data":"sVN7KqhRGiVYZowkAb6cxzKE+uHBrO+reU/TvarC4IM="}},"mve/uuKfBsQK2BhxMkKeEahqdzLsdFemRILeS1rO1Kg=":{"valueMac":{"type":"Buffer","data":"2O3fiR1khHmwMxbacsLw5zyWJ9GBHjekt4pjC2wI7+4="}},"m09mM8Hx98iH91qP+BkAmyxVN7EkLAORNhMqaDtJq/k=":{"valueMac":{"type":"Buffer","data":"9196PUgJq90eFFpCJ2CrIwCIF7iRjNB7Zq610XfZoeE="}},"m3mjeldBHxqlXjECzCuHD2h4ekGGO02yQi6yNVbRfJ0=":{"valueMac":{"type":"Buffer","data":"1QrwPa5xC1VOKj969tQu29zUkjQm8H651yecHtS95y4="}},"nDteqezd7X2NbcCM+t0eN51evqfF1gSN3D3kRx+6t74=":{"valueMac":{"type":"Buffer","data":"luSaKb6oEpNur4A7D4P57HMVGsXtWik3eQvWxWNUmo4="}},"nL996a8xUw1Jt9PIrxM1g1qfl/bTO8xpRvXwlZ/vZWU=":{"valueMac":{"type":"Buffer","data":"0LQ6RQ80amnUAZrHCNnmir/i+AhcGCoHMw9R76/R5tQ="}},"nqDm4w/jHb5kveqqPl8QHB153gBXv6218EnCw+L9ew8=":{"valueMac":{"type":"Buffer","data":"bnDmhudQ2dbuef8h5Tt2xHEPFEQ5Xnc5OKCxlyfD54A="}},"n2M4i5NIjdzZbbfS7NwBi58s8NaG8FXQaSya7wZbjwQ=":{"valueMac":{"type":"Buffer","data":"aNTMXZY5EyR1SXX7HXQHt8BWi6EdJlUmAs86JPYB7Fs="}},"n+bJrBRQrzblzZMTUqR+QiG9pfwpztkGSbNdy8chFFI=":{"valueMac":{"type":"Buffer","data":"JvfAk3u7gq17F7hH+WhqxfM9WP6Z9oSi/Ee1ifhBcL4="}},"oZvHFirlwQd1Qh+GVWpq7lt97r/fFkdkQ9nD6RomvFk=":{"valueMac":{"type":"Buffer","data":"lhiZ9z/TXnVwgftfiP4IJ24LY8DL9xtiGeUXYG7Z24k="}},"oyDdHLuZfxBR7Tvg3JnKTmuhjkfJ/xKaj9X+g5bbL68=":{"valueMac":{"type":"Buffer","data":"jH0hqOe9ILFmsJzZEA2CEAsz0gTMDtw7fAHMUvfPQxI="}},"o4HTstV1iVkFWoWzpcCQ3VyH5PXkB2qorjzHqvM4gfk=":{"valueMac":{"type":"Buffer","data":"tAl8mB5Xxk/976d4UqWtWaz4+REtCqKA0ccNHuEXxEM="}},"o8ifRrxm1V2hNVUetUTuyV5JU6A8uK3CouWjPtsm4N4=":{"valueMac":{"type":"Buffer","data":"OuHpHXV2Rsvp6oy/LkF/V3MkVczmLWAiNz0TRUAHEPo="}},"pd06ipeGwtpysn6jGvnfOOzL2rCQlz7NP/KqiN7cvNM=":{"valueMac":{"type":"Buffer","data":"PRS1b41emxvxo8u4U2q2/xxgcqbOIs2s+5Z8KyQkSK4="}},"pmYETnPgDgW7DbjnWYIzD4SZDwr/OXlhIJvrk7CyGkE=":{"valueMac":{"type":"Buffer","data":"rT4n/0jV2KZPUH9IZiPHRdhB5cJ6FxCDITBYixwGlfw="}},"ppCMRzs9i+JctTYg6I4Es4ULaiW/R/BrbpnSyln+7lg=":{"valueMac":{"type":"Buffer","data":"wTHnEt1Qkvfzdj3rGVDkep2scpLLNAf2JVskeXc0Q1g="}},"pu/znsWGZ8XAjh26n56olouywErtVfWoZvY0ptKrygE=":{"valueMac":{"type":"Buffer","data":"2zlNoJDtivnm/FLqw2N3FEVP4EphViY8O4O2bFOejwQ="}},"p1QbCY7vVK8fI2I+GhUwS9i68sRlPDQICvAL2oKkt7M=":{"valueMac":{"type":"Buffer","data":"ErhsbbWmtZorakwoEqaOfh2HNf+biUnwiGv33YOUghk="}},"qDpgfmgJvkO2GdldWkcz7DJuuJQFcDjVtoC8/A7OjNY=":{"valueMac":{"type":"Buffer","data":"ak8ZlV+8CYAhKriH8/q96xT/9GDXKDg+m6SWXdKG25Q="}},"qHjly3diLDCrorO9w9uuSG51MkJJ2X/Ifb0+FNUfRwY=":{"valueMac":{"type":"Buffer","data":"pDVfvJ2kC63y/Ya9ZYOC18/fO2kMy/pTXpCHTCKuWQg="}},"qQOV73LHmcL1QGsOMNYHAccgTlDNZl8PneXqlg+CSY0=":{"valueMac":{"type":"Buffer","data":"4Og+1kgpol/KaJSXFwOOcpknl69KU/RjzHid7decu2o="}},"qWk/tqqzIRSZEEAoyNH1cz81xbBVCPi9cVmAi1ewIv0=":{"valueMac":{"type":"Buffer","data":"OjvUPH1xZeOb0xztSEAWkx2CmQuWrW2J1bmMuKTt430="}},"qay6dPkjOZItT6TJI8rkxpu6gB/Zh10UPalhBbSMJI0=":{"valueMac":{"type":"Buffer","data":"pjpsGQpgBNcU6ORRS7C/Ts/VhKmHw7q5aLCBgezrR8o="}},"qozaD+PNaml5MuNHrW2x/xWjvtj1YtTOSqY+heNF4i0=":{"valueMac":{"type":"Buffer","data":"lpYqialaIP0BX4fa61v88N95v5Mo9tWigLSq/xgY2kE="}},"qz1g2FMIFYvjvn8nEIUG8xQ9q/MKuFcSOOUvLUrB0PM=":{"valueMac":{"type":"Buffer","data":"d8nyBOijbJh7azEynx3BbFiSlDnh3+XqqsSfsoP/75g="}},"rFuCAp/QOeMLwzxFI64/rVDuNBmM16Pof62UW10CpvA=":{"valueMac":{"type":"Buffer","data":"TSeQ4HyP2w6z2R8caBZC6be/Zqxg5EgDcBEkRmsSHxg="}},"rGFkSolavYaDouBVhq9wtB76MHBrDBgS/Jaj0P8LcZg=":{"valueMac":{"type":"Buffer","data":"DJBGyIjHzJweMVFoeBFvYwDZnFMBFqs47dvzNicdEF0="}},"rImIFoII4SGzFhfFe1ysKhHEtM0Yls1s6J/23Znq1wA=":{"valueMac":{"type":"Buffer","data":"ja2phLpNUqm2GbxOw54suzHpL7kNpYIoSOOxqzvLrFA="}},"r1wfuc8eGGXZ2pRL8kR/DRX82wrxyaapvi6CTwkhIX4=":{"valueMac":{"type":"Buffer","data":"Ftg6pVLvNlRhL8nuDJwFTSmoX+aV39b4PsA4exApBTQ="}},"r6M5IVxN8h1UTbEHN7+p/Psdz7rn2ghRrwSqOvHH3Ao=":{"valueMac":{"type":"Buffer","data":"CUthO+WIbIUUka4Q+30MU+SJ/8O00ts7bOJwwyoO2Ys="}},"r8IKgNvlhusRrsSAMAmwWjQnLtcJNxXl8IITPHM2rzs=":{"valueMac":{"type":"Buffer","data":"3SmGHx5LPu/q97Qal68ZtnNUdXJVNtaj2ASzSGJ5BYE="}},"r/9ARAc3ynwvjx/t2vchsZtcc2K8zKMbz+0A2ek7Gxg=":{"valueMac":{"type":"Buffer","data":"/0azcVdT3goAYmm2AoIhZquJBBKDQsw8JsOSazmqVT4="}},"sPucsT+LKtWEexRxRJ1+1QE4L+So9npaXB7mUYUWcug=":{"valueMac":{"type":"Buffer","data":"mBpzCsLftTCoiiO5EtrycgYYS0ugzee75wBBXdk/C/k="}},"srJeVhv1sP2tekvKwtitMUHwILSnpfF2ee1t8Bjch+A=":{"valueMac":{"type":"Buffer","data":"ff+xO3qxyFUy5i2+uetk4i8sdfWd7YLy6pSGDoKQ0lA="}},"srVSO32OIgX0kH5/eKbW2M5dW9jgjwIYCg3aZGQ7wiI=":{"valueMac":{"type":"Buffer","data":"PNVAaNI30xnGehcVLzYwnSBDAhLpiW83Zgf0FxCqi2k="}},"svJo3ZmntpwCXXvEzkvqgNGfmhyc7f18m7QmotBkm0o=":{"valueMac":{"type":"Buffer","data":"87HhVYECZj4uUBQ6xuimMpUdt0m/CyPWURkfQrr+tDY="}},"sx/d9P/XpzSTHACxjKVTUhEDJ52pRccsVavNVBPqaV8=":{"valueMac":{"type":"Buffer","data":"4rMGP1eK+LmTFJchyqFuK5qmOEnldd3OCZhtJGfHC+E="}},"s8G/xblX5iFQzGL70lAYsOgS9WpaIE6swjenaOCIDBc=":{"valueMac":{"type":"Buffer","data":"gd6MHScr2dU+sp+JHAVG0Fzd2vBjutEnLw+7IAdc9ZY="}},"s9Um2iZyUGHCg5RKCYuorIh7o6VQ3U7adKnZTQcCh7U=":{"valueMac":{"type":"Buffer","data":"Tpf0DkPrHvkLl90H3rzZ8xy0RrXqp0y8HCWP9Auo9FU="}},"tFqoQfnQ18tzDrpIjCM1exQnmghkZVlkouUW+WgesJ8=":{"valueMac":{"type":"Buffer","data":"MiK7ZpAjtt5VxlQbPfUFjWBfaJAb4lrt92T0FuJGbvc="}},"tWqAmuMjs8iud4ybrQCMQezdDpyu9MmrR9hlrd7b+vQ=":{"valueMac":{"type":"Buffer","data":"T7GUU48JPTQbuARP2FbYhZjriUVALL3p2Oymnosh3vs="}},"tjjHKKOHFRp8lgW1oBLYTdKemm7sslHLsCwdMaG8mzk=":{"valueMac":{"type":"Buffer","data":"0eCNssXOG6uWLSCoVpdq7dxJBAguSo7cjHVX5gzDT5w="}},"tpHDIvOh77FAWk7vLRJ1rx7oiHABHXeWONEDuKQneng=":{"valueMac":{"type":"Buffer","data":"qwvJAFkCMPGFYY5R+Jqt+mb/TizsttX70ciAr47q5Pk="}},"uCEaQVtbE/wYetTfdfqkp+ma3vbCcWNhSg3BR505bL4=":{"valueMac":{"type":"Buffer","data":"7Yqwv++vsEvPZFXWKqZHii9v2nYFklFHuD5+Ej2bFOU="}},"uIL9OTryW4hRXcGD3M2/cgnQw7FkkXmk5aM1f/aI1B4=":{"valueMac":{"type":"Buffer","data":"WepkLzZxU1Zc9qqtUiafh3VWxT7OQiMJt8+3zajLWm8="}},"uiauge/4ONTM7Erm38JeKzF2Ud6rVlZcXUkeeHbxs04=":{"valueMac":{"type":"Buffer","data":"C64QQsKAZyMl7+Hlg5/kGuQCq0SitZRFSaLa52w4HCg="}},"ujmwLsuaZa+WOhHX5jqWQU7g+nwWgpTNYSuPljgU8+0=":{"valueMac":{"type":"Buffer","data":"+N1EHHdVpRIdbHMEsefo3lxY5nj7dOMX0x0Ga0AntaI="}},"uojwlSgluGBSoKpvrHi6hm4T48TwgM104DKHXvgMfDs=":{"valueMac":{"type":"Buffer","data":"nlXPH7LBkbUF7QgBwwhtS2SyuiktCLrBRUqQ5gziVNo="}},"usCR3Ow2qwWH5acSKD2dxjcn8slImXppK0pseo2KP+Q=":{"valueMac":{"type":"Buffer","data":"xr1ajfyYpo+Aa5dg+bMfvuc2uJFO/IF0OIxqEQNYZoc="}},"u5xDd5j1SBHxHf3wOBZ3QZUr+zO/z4qhQdBYi64JR4A=":{"valueMac":{"type":"Buffer","data":"5f/pe7c4HeVBs6Md7gyjacg1BG+9sNaWQM3g/WKWfmo="}},"vKPpoLfHYWrmteONSLHEeuUOBFm19sXPKI0X85bqxY8=":{"valueMac":{"type":"Buffer","data":"UW9NN/sOwc1VlfLb7X+eDX6ncYeQv5+67edO6GR5Xvg="}},"vSBD/oKwVhwmitXRM8nk2iL92fy30hUS1lVecRGCIc4=":{"valueMac":{"type":"Buffer","data":"n3AlBHZSOnThLxokyKks3OadKBrOt8WCZJB8Hk2w89Y="}},"vc+Qv4drm90eM8s2XPP4f1WfxOiILBHXMjD7rfYepIQ=":{"valueMac":{"type":"Buffer","data":"FxTAGChCDht8bb8MfUDf1ahpszR+YTvoU8093DsxTCI="}},"vl9BqIO7/MxXVQ8453lx1rhmpGBvELXdnwckl+0C0b4=":{"valueMac":{"type":"Buffer","data":"nhyBuQ9CUN85IxVYwSJbhY2NAWWDrFApTb7+w/sHTjQ="}},"vyYes2a5Vz5jUAJH42OklO003zQDMkJvC0BWWVfPIv8=":{"valueMac":{"type":"Buffer","data":"hkQ4vRhejJ4e+nafZC2imv23mOYyZOeSZ7/ahBrdBvg="}},"vyyvyv1LCgiCiC+3Sw+kCVcZEUbxIEHC7JBLZKYJ3Rk=":{"valueMac":{"type":"Buffer","data":"065kWIVuLw5/xY5DFbz5U9/XCmjX1al7Rvgp500IQS0="}},"v4PTQe87NYwhLVBAIBF/DRvWI+9r3LjQMC7ofnwcyEI=":{"valueMac":{"type":"Buffer","data":"6ovvN20LeuIm0SVUImEa3f5T/5NYyO4nAdMxHZKS4FY="}},"v4irjzbcgpA/c9CvlpMnFGxQj1veUkMcBXheEU3qk/U=":{"valueMac":{"type":"Buffer","data":"hRQNXLJ+EORWvqe3FjkguvCjGNNOv9c9M1eu5V+wv4g="}},"v7Cj4zRhESaTk/nl8/krCwCqecTsxUc4Rru/LLEPZik=":{"valueMac":{"type":"Buffer","data":"SUFizGOBMPc3O0SLnHmVX3rMlt1qyUgrixlBY0DiiI0="}},"wEt2NRNdj4aauTS8rq0q2wzv6P/tRhndSN1f092GoT8=":{"valueMac":{"type":"Buffer","data":"jhWePboYbgrtQoD85ZeN79xyK6Gdk/ElvBJVmrOJ+HQ="}},"wH5F8VJoMtvMJeBm3llj3ccM8MZbL7lgEq91Kzq2XOQ=":{"valueMac":{"type":"Buffer","data":"xldfpGozLjuuEQvaejluxNltfQmj/aBy+6rmAWVf+iE="}},"wK96ooXr5VTOuSziE4Oos4lxKc2xWv1Q10edatipz30=":{"valueMac":{"type":"Buffer","data":"rvyttlUKsARSs0emXhNlED1GFzSu0gRTs+aQmUw3axY="}},"wW0/gwhacy4mBdp+PGL1/l4ehYkR3fIiy829ih/UfJc=":{"valueMac":{"type":"Buffer","data":"V0k/bCqo6pYBn/9vEEaDO6bOJR1a2f7s0Cwr/fWk66E="}},"wbx2H+2h9lhHR62pdr0iA+n9UVns9OFACVJsVbNpwQs=":{"valueMac":{"type":"Buffer","data":"VqFqD5cr61zPhMa8ab+b4J26s5aJwoe2/bLci/LDOOo="}},"wdjhlfqmshUSOurNs32NbTh1Eixq7dpIGCENryoAba4=":{"valueMac":{"type":"Buffer","data":"yp2qSQagayHi62KVbgQdwbYWtkaICVsuba1NROlR9T4="}},"wdxr/f6i72PLmckZZxnVkh/JgwlZTbF5m+mBpNa5scA=":{"valueMac":{"type":"Buffer","data":"QSFFvCoNllQOZ1Ot2KAbu/xfQYxGbv2g02SRco2/HwM="}},"whF0lnGeyVgqUuP0KnZZSyVrpXeugrut9Ca+XENcIbY=":{"valueMac":{"type":"Buffer","data":"ejfeaeFO+VYT+MzCkigkHhViD1npipgEbCrbBYXIpM0="}},"wmuoRdeoGrfzd4UK/L7k5BJH43GZGZLD46/acv05eoo=":{"valueMac":{"type":"Buffer","data":"wRqO8TcapgPSPCNLq64XPKA1WT2floTHRQumBU/l8vc="}},"wn8X/XW8Qts8qNYo4G93jBxGw46wVqP/Iwk6GlPda9Q=":{"valueMac":{"type":"Buffer","data":"tSC1CG+5S0Vcc0CJLFqwaJ1hvxpiHsmtiPU/Doz3UvU="}},"wo+c0K2fS0Jhif6QG1l1QiUIZojjPUBUg7dT1p8TEyk=":{"valueMac":{"type":"Buffer","data":"sZSVIkLIqCuWErVUDv0g6qgobJqjpfZWf6erVYL2oN4="}},"w0FSsg7oTa8ElkWSsJvaB5Y1/hintq5LfDZBSt83/p0=":{"valueMac":{"type":"Buffer","data":"gtYq2bzLEctV4BIQex6OyIKUNVilAtyMX7180iAMPls="}},"w1runJGbCAyAFXAE1YqARY7JFyIgvqpEGsYnYrCO08c=":{"valueMac":{"type":"Buffer","data":"TvyjoVL8I9ZFSja09NIbPxqXoE6VoKHG/d7OtIkyHpk="}},"xBcl6RCJ80vt+Fu2QU+ACXC1J9bsLQffBk1OyRu9elc=":{"valueMac":{"type":"Buffer","data":"YnYidtfdX1vteWz9OnVnH2i18Qcw1CYSdCvuyJwTOIU="}},"xJG6wGfgYd6L6rEyyMpIbLkOXDrCuQzucZMvfyA8j50=":{"valueMac":{"type":"Buffer","data":"HFSoEdTCzRUWXBwf8WmK1hxE0TMvm7U0Bf+vgydG0C8="}},"xXBklwel0XY9tdli+3GVlzIgeQ6GAEx0UrOK4VtnoNM=":{"valueMac":{"type":"Buffer","data":"FEpIDRIZBVAuRKghZ/ZHbkkzHy2oaDITJkvR4oA5vJ8="}},"xjZtd0uyid4txzCcEdJLMIs3VeSOLkzAtK1nDSJAMXQ=":{"valueMac":{"type":"Buffer","data":"SEBvIIPfgQ3WGgY2hhly9QYaCTkDapL0E6M+2C3jHxU="}},"xwcXpXpFx2dQPGClsP5KlM9gQBghjLAWxSrPwjisg5k=":{"valueMac":{"type":"Buffer","data":"8Biu8g4ffneDm+mSDHn5KpGQCVcr9KvO3+8+YPMjqfA="}},"xww9Y2TjhvXmp+5QdTMsIwoaKmeLX+TpB0dqAD/ZXGs=":{"valueMac":{"type":"Buffer","data":"ZakbrqpJjEzRElDXa9Y360vGWRHtU3veKathjwlwm6w="}},"x7iE9RFCUp0oX2jFtDMLQCg8n8BJ4uNoIdcDOa3eMFE=":{"valueMac":{"type":"Buffer","data":"kApBP7vCJmvYBY8vPoijP1dzeYbX5y9hWKktiH17fUk="}},"x7x5ybV2fuPODQKZIecNbMnLSBXf2gmuMJG2M3tixEs=":{"valueMac":{"type":"Buffer","data":"jqYwg4h46EZDueaHFZi+1VG3dhPbvh2z1vz92OPoUkE="}},"yAfJg/LFNf/jwPXg+zdlB2QKDJck7j2Kzfn476rH22E=":{"valueMac":{"type":"Buffer","data":"0TzjmKdteQH3H9EYCd4YCeAoqY4qLu1bhvN70VLZBno="}},"yXPuE1N5YuT50Hg+ktDqRDeIsFpe7IGkBGz3faAgUQs=":{"valueMac":{"type":"Buffer","data":"pKlMIPd8e6kbQLHY6fe46zh75Gj054E6LOAZbZodkFY="}},"yqyBsBbuu7An0aMKYeXQMZaxJPU04Wkk/tMv00RJTdk=":{"valueMac":{"type":"Buffer","data":"KmUuWLC3XEKwKWH+SUkoXkz4iN80kCRaHrlu1LxXgy0="}},"y+tH0N+Qu+UnvRu5TV45U0erIo9HYfU6+Jnor1LfKM8=":{"valueMac":{"type":"Buffer","data":"biJetit/Jef3g/2f1lG20Aw7JV62oVi/Dk2WGboNrlI="}},"zAwoPxjbpgAUDGtFZXYrF51ty7NyIlZNIw2taItrMLo=":{"valueMac":{"type":"Buffer","data":"pK4nxX3rjGCxrnHoXWsuCJTZI2ZW+szv3m7/Oq5FmjM="}},"zBad94M4Yi/66xvuHHK3EprqCs4HgUa6uX7IStcKzGs=":{"valueMac":{"type":"Buffer","data":"APFC8gyiTXUrOUDpUgah6GrGL39VofUJJYVdS4vycLQ="}},"zIUmRGN5aX2ngZUtEulHEtQ8wa72piZwMCr2YVNoIE4=":{"valueMac":{"type":"Buffer","data":"j+cT2TBqgPW5j1VS8LDjr84Cm7dLZWbi4d3JrfbF2V4="}},"zUT0PgFjxALdx9asiPcicyQgc7djJiIze05+FDVYg8U=":{"valueMac":{"type":"Buffer","data":"88zBDou4ZcFDtar6TwmsAH2IlJ94mlvjVg8P9gwoQA0="}},"ziPxufAUTACU+BNqk02WBr+6ZOhcnHOVOmHV9z+BKLg=":{"valueMac":{"type":"Buffer","data":"BrrGYs4fiNGhUQWfdv6f0tmX7jcGzA3OfM1zzNd6tpM="}},"zpbPY7Wxh6iFPOoyEikO+ncAJykQmJVWZ7sUsr4ZNew=":{"valueMac":{"type":"Buffer","data":"UWsxEarrJ+76ljUjo/9xUZPKenVYU+2xAsl5GqRGphM="}},"zpm7YVF6t6d60+ZhvCkfQAV5yKSM2UF7Dw0j+KCrPVw=":{"valueMac":{"type":"Buffer","data":"LE3AoRBGHcXm3L/EYyIKSEtSIZ1k0J/R3gnqqYEZ++4="}},"zxRockhfgKOkGlYcnGNZGuiFRWGhfTzaIiqoKqyn02M=":{"valueMac":{"type":"Buffer","data":"ZxIz8IxGO91mUdh6MkgINQ51hF0tlcAqjTGAm1dDGX4="}},"z+aWqjSGKgKsRH6ZuglVUfy+aDFbgjsUBROVx9a8kMs=":{"valueMac":{"type":"Buffer","data":"yYFSj78cCrSHGVpGcQtcX1iQCqOhXIGuNyT7AExTQ24="}},"0Hp+7hgy8LUTvgrObl3xFiNfBYyHGrmNFqgYNzyehG0=":{"valueMac":{"type":"Buffer","data":"yLa7kAxVcVHEmnojrapd1jy8pzEj6c57CsFSJCpRmUQ="}},"0P33LFjmDs+FbJQj1mDTzHBiPEY7NA2Rpw1KoBPBMb4=":{"valueMac":{"type":"Buffer","data":"ufbsEkexiQgSTVoOBEhbtdywjldRuqIDbAAjfg4srQQ="}},"0VH0XHQrc81vCONeNySo+5MQUDMlib5in2YYp2dm2Vk=":{"valueMac":{"type":"Buffer","data":"UlUDkKQEd4UVFFSXG7lbrczUGoKfqQK7SjUPN8eWYHk="}},"0WhXiqUtdBIy6VmkEhFMiZKbYIEVB43BRCuO95Lm6mA=":{"valueMac":{"type":"Buffer","data":"XDvIuD2ymOidslO1sdLqvjLP+Twvd71gm0zZ+n5AK0c="}},"0ZDYhP/vcn9Q93Qo4rXjbndEwCLSJGlZUnKxINGHV7w=":{"valueMac":{"type":"Buffer","data":"Xiy3TA26HAgA3zZzO/Q5cdhG8uGp4NXRx5gRV4SC/lo="}},"0bw5BsI0hebBZJQpaSDlED/ezVGu+5uqB3GPV4y43qg=":{"valueMac":{"type":"Buffer","data":"rwHZcK9VjI321UVkGs3Ekmv3WnSxAcZJcnNG4BbkNHo="}},"0cmFDmpzApBc0NNFw3Vgf8onLKPhIo9x6zy1j5WJJgk=":{"valueMac":{"type":"Buffer","data":"i5jUqqqFOle9R0dinddSpM94f2D8Sw+IyFm8NjIgE8A="}},"0dBvAuL72XhZpcTsJo47b7uYS7elm8WHcPffja0Z1C4=":{"valueMac":{"type":"Buffer","data":"+oEe/j9p5blZHajTwDuGv4M+PVgxD+76KhkNFeOfGjQ="}},"0lPsz6e3p9cWy9voMlSJ0ZUU7z/3kNvIDpj1JIs+i3g=":{"valueMac":{"type":"Buffer","data":"JLFXruc+MCRD9w9EhN6OGL4oqvuYfepVUnRSUXdByh4="}},"04su+LnmElGdGUeAnaqWNtDlKD+Yd3SNJhWw9frKuA0=":{"valueMac":{"type":"Buffer","data":"NOGdl6zPrpTkeOjqmy8Rc/92opPbJVAvezleaYWgALU="}},"07dSuGxRYNPXxeCnr1XniL7cBCieYvmOWSay51eHyn4=":{"valueMac":{"type":"Buffer","data":"2TqV0Fa3odzURs7bFqUaFeC3kvKRfH4+q23NYXwWrac="}},"1WEC/xHXqHeXf19k2Wt1dt6E2m2bUvcjB0qrIusGp/Q=":{"valueMac":{"type":"Buffer","data":"idHxjromDPMWhO6u7Fb4c5W3N8HC5Nfv3/SRIHcaJgc="}},"1jCBK1fJDQpzEOaTusPqk4e7hYTxShpDFi78Rk8H5UE=":{"valueMac":{"type":"Buffer","data":"3Rk/9jjAl1oOwxLwIwJD9MP4MjQK/PlOHiZS1YBeFuk="}},"1nCsLvhOfOLagygD0Pcn5CKlB3slTm/bG49E1rv/Lkk=":{"valueMac":{"type":"Buffer","data":"NOyFDpGjQV64CaJQIKp6ZcTqDe1B99s5XPFR3D/BdP0="}},"1qdF2miY6OBSmQSJS06+HUuDiN2SOdJ9mjCreKLx37I=":{"valueMac":{"type":"Buffer","data":"Qz9tvi/F7FK4Co2n3Wd2kkXf+o0oGXJHHqC42mt0Urk="}},"1usFoj8KqbHaPKZzZqjhAu2z5nFefNZXq3Fndy6uw3Q=":{"valueMac":{"type":"Buffer","data":"Gt2afnqxqhGK9f5c4ogN0CqL7/QViaGbhMTzIWpWrCw="}},"2CRPq3Yl3AVj3tnsJZQLJsJCJQ4DM2o5FsufTD2fnJ4=":{"valueMac":{"type":"Buffer","data":"FyXJnYRQxOSXsGJAZns8SZ2ZgINHejGwBg0CzPVqI0A="}},"2Qgz9zBDp5Sdlj0KVrTFq0pWrCo22ftJwc5zQSFWlfo=":{"valueMac":{"type":"Buffer","data":"2zhsSok7q7WJe1UKWOcOFSDWx6G9FfEMmHlUlv9iUYM="}},"2REQ3urDUM1Cr72EYF6w/YmkWCmJlylstVRPkLLcJM0=":{"valueMac":{"type":"Buffer","data":"Git0r0tn9BzXnnX+9IygC7OAYRjIy0Kq3giTBL8mta8="}},"2v49KZCcvjv2t2aWgj048XuMjP9YuNdQIaOR2rvwj6E=":{"valueMac":{"type":"Buffer","data":"3ez5IHcefqMESQnUE/pkFEEwSldlpD9kUsPkx/FhiDY="}},"2x4iINqgqDjDt0zpyulfKokAOOMX/ZvVY+6IpfKRxBk=":{"valueMac":{"type":"Buffer","data":"yE1R/WxeHxLHvmc7Kb72xgQtBBtvf5tadWEo1pmlLhs="}},"3Mhsqc+IwLqsxQ+bXKO0CjmpdV4q5siQoyZY9xIJCr0=":{"valueMac":{"type":"Buffer","data":"Zl47iowwTSxnUZBUDbrSRpjIugbWmS3P6gR8zi52LRY="}},"3OOYcPvXQkFK28JCZsTHa3CCKozd/2Z7vOEoV3sUXKw=":{"valueMac":{"type":"Buffer","data":"UmPUCf4t5byeCkg46i/LBipEDUlrz672ntUA7aO6QkI="}},"3Q16DU9ize+ySO62AotsY9r3P2tiRl7gzQAP849P+Ls=":{"valueMac":{"type":"Buffer","data":"Bmi1oKOaQuB9ByoVkWI1LdttyT4af8Te4l/BgFfcTvo="}},"3dQhOHRfCHdU2ZxgWQOVbLH9Mejd4J4FLlCd6b/NjkM=":{"valueMac":{"type":"Buffer","data":"FNH4FzLRwSC8SY882SmDPJ3Ec5hRwd2f/PepWwUH6DY="}},"3fy7QwBbiJ/XBqcIa+GfkaCy8kdcLRdoILfcYHakyr4=":{"valueMac":{"type":"Buffer","data":"5H27W1F0w0XltsWtpDgnBv/NMNHTkX3jk9xURMDOy8I="}},"3kTkWrAwdvfB1qOvbfE5xiZ1biGDogu3N9PX4L8t254=":{"valueMac":{"type":"Buffer","data":"hR5MQlA+7Njalu0iGPiH6JeL8sWXyVlCq/Gs1PMKSI0="}},"3mDaZsTpq0T9pwERmm8jb7MIb3Z+AQ67DIN0ULtQ+Kg=":{"valueMac":{"type":"Buffer","data":"53EQJ/aJt1fAkUttqmS8jQFJwkI6/UsB9OvbZ8DnYkw="}},"3oR+V+oh5W4JVJxeABmWlySTztjdsXz+Yl7Yi6tk7dM=":{"valueMac":{"type":"Buffer","data":"6v7AAAa00T1o1wtApcFNrmIz7d9aSgEGIAOzOT9G8Vs="}},"3y+MBaPja3GwSQ3KiRuh/5FH6VKdy/vVlbJI9U3yEQs=":{"valueMac":{"type":"Buffer","data":"SWK+fdpzFA5MI57EoL4jjWCRlKNbdA8OQ8AADQ3BVAw="}},"37RQb+mSlcV3h4OCOuy2Tg1s+OCwGFDLwvyhuywWBo4=":{"valueMac":{"type":"Buffer","data":"3ifPcbw7cxxEMfz7b5m6JmQYDhUiEJyevoD/3WXeUVs="}},"4DF+fQ5mXGROB4w2iGDJkkVM8p1STy5bTrXkLNYPJ6g=":{"valueMac":{"type":"Buffer","data":"U/gkIbyOKrkeyLoqzW2f77ddjL/FR1vwvH3A30NzKNQ="}},"4D6bM86R6bONPbju05UP3bFl9WduktI1NUCJ+vX3ZRU=":{"valueMac":{"type":"Buffer","data":"QJETWEd20DXTxcA7dN6qdSfA6OEC8sx76ep1ZWLgCqQ="}},"4EMn13G/9wjGVf2wIEYc1mKAojCw88kfAD6KLDUojNA=":{"valueMac":{"type":"Buffer","data":"4bE7RzWKQW/ozn9ay1RLXY4La0lnwuocEycEL3PZMis="}},"4K/DvadXM/4tDAVJ2lbcAbNI8WMoOgD7tz0Qn1zQgcE=":{"valueMac":{"type":"Buffer","data":"2X8UONJ/oZl+0oSxUBD5TGPOdzALQQcEXCtxEVOPLJE="}},"4MZxa3TJojp2brVYp+hKWLU6plh5FD2b78+RpjASx88=":{"valueMac":{"type":"Buffer","data":"1HViloVYKygSHy6p2/TwdSvPTKgMcVAc1OZ1Nf4lsZI="}},"4igV+yxIkjjupQGdALX5AJxYx4Pr0h/2p3IozXCZ3sQ=":{"valueMac":{"type":"Buffer","data":"Fg+plKVXeoGFX0YWo1GqOIIDDN6A9iIDZ8m/z/EVI+c="}},"4m5N7jEJ4Wcj6gGtPQIgpqwsOZ6RPtXiWdJBdv5sQLE=":{"valueMac":{"type":"Buffer","data":"5i34jsgHhmQ44RnnRqBFymvAOdp6XYIhld6LSUFdokk="}},"4sBMevLMLbYfuF8NKV5DG9AoDxF7H29/womuyRcYxM4=":{"valueMac":{"type":"Buffer","data":"4cHCABDn6XFGIs7iLGla0LEaLTiv90Crl6jo3u7H5pA="}},"5GLp4+PQOTvu1gcqQrrji2KFXMnk6GqTprGtIbqQeHM=":{"valueMac":{"type":"Buffer","data":"Ml3WVqO+9VrJftwQ5smF5FCQ9GLdHcVhRii8FnhgpFs="}},"5MmpWm7FRUhC5/orlqZxWMvgXe1RNW7HPQ7TfGI7oio=":{"valueMac":{"type":"Buffer","data":"7mRZt6HJnlRFc/1LV6ENCSjU05KpFMhzr7+jQ/nUCJA="}},"5PXr7FsgrIWDUyXpFlN5v6so+F+iqJh37/17Kn8MzqI=":{"valueMac":{"type":"Buffer","data":"JMDwLgsujcPgbUmeK4Ct/yd+eAqIqvBl7SXWPsiYk3E="}},"5d2j/wvPhTwl86UUhqV8VuagEDoer+icBPF4minw/kU=":{"valueMac":{"type":"Buffer","data":"ueLfdrqnQjd1j3m73sjNfPATZMvxXgf9BV9DVsz1qts="}},"5n8FR8yBR157iag0GCeeaHxeX9JH/ydoYb+KV8kG3nM=":{"valueMac":{"type":"Buffer","data":"kZftMJoqXTo87bYfjUj5XED53w3/1DEfNyxLP52SemE="}},"5otJTeq90MibIzAY8je0GAAb4GC+6uNB3UJFwSDzxHY=":{"valueMac":{"type":"Buffer","data":"3KOWfRVY3ZeCHrhmKVcs5X3Quk2mmtDBnEneNG7u/gw="}},"6CSauRGekCmtyldaufgtDh0yL2cDxW74aWv6ScPIORI=":{"valueMac":{"type":"Buffer","data":"L7/hJwdmcYUtgMr/gtav2cxhvDCzbjO81gK+1mUQLzA="}},"6MmmoJrxLElhyW5fi++LNebV5/QWNwvBtabAlEv3VOA=":{"valueMac":{"type":"Buffer","data":"1g1esRintusX2XuZnYzcNMkLRV7T4RBB6IUGjLHXIbk="}},"6M8ZRP9jLzSQEjSCIfLGc9levq2J5D7XK8DWMnQbdoE=":{"valueMac":{"type":"Buffer","data":"NQlah4+jdUQxdIeBCETcyKvxyo+rRFxJV7fmZD+8QKs="}},"6XCx+ggk6T44uPqwsuLKfKkpTlyIjpnEkdtaZjc8FAQ=":{"valueMac":{"type":"Buffer","data":"P5gOL6YFHNyB9+fYfjGWSCmYU5kRQhDbxcySpdE6llc="}},"6XRPhtu50c64rLnXsaEZJINFveQRV4qaJvkNctlbEp0=":{"valueMac":{"type":"Buffer","data":"wRq/GBs7MtOIj56CM6/7TB825mp/5sWgmFR7hN9lElo="}},"6fQlLlBU92JhoBJJA2qSSKlRghf016yLmhtkn5oZusM=":{"valueMac":{"type":"Buffer","data":"GPKFuMu55+V74Wn7KfgWtcC0vOIPHPqVHJV68sq4gnc="}},"64mBlEcrBkvPS4+rdWuJ3S0eU9JdKX7xSV4gNOM2/mM=":{"valueMac":{"type":"Buffer","data":"vBn5SnnH75+OeapWpUW9kYELElR7v+smIo2fkzRNe7w="}},"68QWFg63vw++pCLLl+ThWzdeXC6EXQ0ZvwqxXtFBCZ8=":{"valueMac":{"type":"Buffer","data":"SE7G1YPJmn+Kfkqfrc8HPV8dd0i0qMd3u6suaDYxW5o="}},"7CMcrWnxLugE92KFA1n9dCHw+RFhqOZ0ymborcmu9gg=":{"valueMac":{"type":"Buffer","data":"NGrqzV850+9A8OqY45KJI0Cy3js6eysy94vIxqEEQXo="}},"7OwwZ93oitYzWgxz4eDzwnzH4rSh+av5tUTAy2PDYRg=":{"valueMac":{"type":"Buffer","data":"Jp2iF4LJqkc1tGKBzmrygHq3IRzG8phYBhEscvSxOpA="}},"7RpXnnhN6DxgK2lXZJdJN4uIOsPg23wLl+msuCQfWZc=":{"valueMac":{"type":"Buffer","data":"9sEwrMPi7z9BrvKlTB1cbA8vEqAh7UgjjubpsdvXTQQ="}},"7bCMSRkbDMhIkJyK73bIpAFrWBSrrVGQaJyruA0e++M=":{"valueMac":{"type":"Buffer","data":"hkowzzzQeZSqx07Myeh/aa94KoqylcEaWJn8OPJYjNQ="}},"7csW97lMclcq1u8y1zWTNGs/lEFm8fHXHUw0zhh4qt0=":{"valueMac":{"type":"Buffer","data":"1GpOgAbMufIZwf5AJUjScmivuMNxVCQq36VAKABHv7A="}},"7oJ+yKJffmJGjTDEAeEplk2P2zWFxzg1NOfkwKjeO2E=":{"valueMac":{"type":"Buffer","data":"x73dloO3GHWAb59dn7UnJQizK2tWJCqXuI8xZZproo0="}},"71ABDz/DYswiWhibrT8fS4L8088zjwDCHDxkw1gNyI8=":{"valueMac":{"type":"Buffer","data":"2Ylr523II+Z4n5OJptv9fSjjI0UMq7O8eVNg1C+NAXM="}},"8BM3JPExskaD37DKvQ/HPyjT4zS1rIf2VcRH1gYRtMI=":{"valueMac":{"type":"Buffer","data":"BPhXKx+Wqw/AKFA0LmbgG9smFv7cnxxm6ShymjvklhI="}},"8NV4JDgXQDrlWn4LAGtaQholS31Brq9Ke9czb/n4neY=":{"valueMac":{"type":"Buffer","data":"87TtQJle3TBwTi64H1RpDLQHZyLOOFhErz7oVZlu230="}},"8WcvRtGHQYwHa4xXJVeb5ARfLmYNtmkXogOz1YFJijQ=":{"valueMac":{"type":"Buffer","data":"tA2kf5RQhO6tromEmjryG0aeIGtYJ3fpfDMgUbt5+j4="}},"8nbzfa/guqjk6XJ/X1qwenaXgKmMm7oYjFdVpG+nF6w=":{"valueMac":{"type":"Buffer","data":"QNLRfOkDKUarEfuXHMrl6XDOUZFDjefGoOvmWttT0m4="}},"8w35gNw6IEbztodITHzn7H5yoA0DRYh8lRkReFVBcdM=":{"valueMac":{"type":"Buffer","data":"2Tvi2oHdM4N0PzhHjEMJZZgqTpz7Kfx5v4hFud2XpB4="}},"8zkOxLgvcpccj500L5wf78dL4HnN20QU+6CvjytgPA0=":{"valueMac":{"type":"Buffer","data":"N6SycoKnpLUJ4hirrOZCWTJJ8Fqo9QZCobKPDzKcIu0="}},"9CuNh4oSEbxq6Zi9d58uO18usPrAnbZriOjCfPr4+mI=":{"valueMac":{"type":"Buffer","data":"OvsPKDyU2d6mdR7YEDnHrG1qUwsfNmuQounkn1yPwXk="}},"9GdUmAA2WHMcYmJiEzcuj0kDEzwD2l0EAEnpEwDNZv8=":{"valueMac":{"type":"Buffer","data":"IIx9AQWfpPszXfUg4ImzctNYn5MOZUeGjsrireCnCLU="}},"9ZM9l3wpnXMAsnJjMA8/A7cieEcijbmrUnzEgXaJdmg=":{"valueMac":{"type":"Buffer","data":"e/mSIqD2pat0Wc7sOMFf9TGak+QUxhWCkTjlurDSuQ8="}},"9t6FA7pQEHbN9Tbg8K5Un1we8DdYE01fehqk6HfhdcM=":{"valueMac":{"type":"Buffer","data":"27idkkcjQGZ5WC34dotNYggY7XqwqwnBJLA5mCFmSig="}},"99Z+fAwcjLj+XojDtuj1S6gFdWv7SqYqe4+DAi8dgME=":{"valueMac":{"type":"Buffer","data":"IYxgRvHYWzv/kzgHHd/XiWh29iLMUL6P9SJAzyH3clE="}},"+DZgzzGi+u7XZsE9LEGYJLaVtV6Hw09kp11h3Exc8Q8=":{"valueMac":{"type":"Buffer","data":"gKQJOzp/6BxFr0Rh+rE0NsFlnxd1dIWn66r/acc0V64="}},"+UzHD85bSWQDa2kwYy+6xrlPEW0sLrlm90h6hjDHOEY=":{"valueMac":{"type":"Buffer","data":"XWjojXgOvpvTcQ+vSaVcPzOFwesew2d7o2ApPSN2zkY="}},"+WreUsYAaRa6wppO73TRQjm6iUkc6icmPzS9FfKS5Vs=":{"valueMac":{"type":"Buffer","data":"Pqz2+cdsOamprPC0a4HO4cL0tkPeEYnzIrf4xdTfUgU="}},"+bjm1ByJo1eSQkWXSYjbhoQlPZb0Tr3Q2HMkI7eJmYo=":{"valueMac":{"type":"Buffer","data":"IKW3UTHrZSCKAklzZfVpQoJA7fiShh053xjQ+9eicUc="}},"+cXgUPLomSwP9CoANJQx7TZdrnNUJO7Y8tbKho+OMB0=":{"valueMac":{"type":"Buffer","data":"9uxnm2MMb0bQrB9PnI+u8TWjLA/nbzJ3DM+izEWeDjk="}},"+oUrtxX+2Sv4lcUWcGQuH3ucPlwq82umFF2SRAOIyUc=":{"valueMac":{"type":"Buffer","data":"qIT9EXoDO9OiZnmXIxVSNJf3NK7R3snJGe0abgk2MRg="}},"+sGbUVbphpaeyo+8269Bm2W1zP+BXC+kX6zusYNG8+8=":{"valueMac":{"type":"Buffer","data":"jmIw9DSdQZtcV8tZkCtHEeo8fvkC6YQpIqr/KXnQ/FI="}},"+3faaBw1Wr9f/lHA/mG/CvjZt0Ap8yQxnqHtXOnw83w=":{"valueMac":{"type":"Buffer","data":"sWqj7aDCtFBQLIgm0tdscHaTljVLoiCoO0efPM/lVA0="}},"+/+IVU/zSG3nZMOwv1A4y+NwTvlECPWO+5OIfZQr9rQ=":{"valueMac":{"type":"Buffer","data":"dPrnzyiWH+Gj4elAxf2Dp8qNPm+35AzXWGsDk4I9eGA="}},"/RSlx1ijtCw416I/FcR3JRR9WINaP7sojKW7GP032mY=":{"valueMac":{"type":"Buffer","data":"+MTTrMbZ3WbnbK0oxPfqROoGeobEgigkHcDK7gKaX2Q="}},"/Wp/x/udBB6EkyK8Dbt0JLev7CZR5Lv45h6XehmO8PQ=":{"valueMac":{"type":"Buffer","data":"lKXABTt1F9y46tCAN6xDiPNXy8ICsRdKT1lbNWh5Y7g="}},"/Y9cJesFIDWA8y2B8PEPs+t5bs+U1CdaFmYPqhv3F9I=":{"valueMac":{"type":"Buffer","data":"QeICWfgmB1gVxL2QdFfbVbyX/2fblwFNuUG2q1OALus="}},"/Z0iJeXVKJl/oBrWVbBjM3S0Jx47/cJT8Y9aW1075eQ=":{"valueMac":{"type":"Buffer","data":"j3F7mEEXv1J16WO7Pa80r99mZPdBpXwsigsHng/DqXw="}},"/nxwcx1JQl3ZqF0V+orVuyCA765ZkoYEftpgMDh5u6M=":{"valueMac":{"type":"Buffer","data":"PYuGDt8eo3ysT1zsktvNYO+/B9S/++xEz3n7VnwvneY="}},"0Eb+18LGa2tBCdZ+h0m2m8dyMEjVR5xY4gYEf1HPd+c=":{"valueMac":{"type":"Buffer","data":"CViUk4SJDCTk5J9Kz/Yj2xwBalU3nsNb5yydO7eZ9g0="}},"7ySFXExCucdI+jMD4Vaufx4T6gwsRHdxRbhiCA5afm8=":{"valueMac":{"type":"Buffer","data":"W9pvIkcdnE4Fae9xPpxZkM99i4rkxRMmooql/lHHOH8="}},"VAadLwULGfzUqODID9yzMydaZn7yrQizJO+Dj5uBcvo=":{"valueMac":{"type":"Buffer","data":"EHYBw5vLLTuGLIgdBldC9c467m+ZENBWm8QLuvlAhvM="}},"7I4D3zSmybYMb2tqxSyMB0eMkdj8zLgRrYcpbZTRDs8=":{"valueMac":{"type":"Buffer","data":"J0R7C9SJCKr2TAwFZVWh1YB2sjE3Gpu87/QXIJGlZFk="}},"wJJ4z/KFhtezuPu1UV4o+IBJX2ECa8GY/5uTTnrjwmQ=":{"valueMac":{"type":"Buffer","data":"CpbAHz7WT3JvkgHUhj+W+aACpkrw/VhwJsIkMz3ynyI="}}}}