{"version":1,"hash":{"type":"Buffer","data":"wqwwR9XRn+n+QAR8Jj9S8xE6rSRTQrDmbRtp+JG52dCOdPHzdJ2yasCppXfu4Bk7Qa5bQEfUv7s4aj/780A3fWczfcGE3xPawXl0jEAqu7G7AF7bmQytYZRXGHM8TfTvkgvxIi0Di6qnqC2P8krQMzmzNVSlpLMZyw2ixC1QS+g="},"indexValueMap":{"muigHXtWWn6Gjyx7Z5r/RIBB4aS1LnPb4dbeuXhLf+k=":{"valueMac":{"type":"Buffer","data":"Og1eJGyYp3oDbmQaRGcnOHfBSJhXUTOLZmsHrJUWQ2Y="}},"tDmv2ZX47e8m4GX3Hl6+tPv8oBuw2dRAHsJHgqoS8Vg=":{"valueMac":{"type":"Buffer","data":"5RbqJnR0unVxOmDl8ab0xq7PIYCGkavDReHKnuzA3Xs="}}}}