{"version":1,"hash":{"type":"Buffer","data":"mTKpAcVAY/LxS1VRHV3D2Sx7QGaZrZl42GNiT4qaU5T4iicG0KIPisgfedc+ynWyt1DkawaEzVDGMCysU2+fvF/4iHs7h1q3GnlxVet537ryZVzGUZ0v5WKrO7Y++T6Nbw68qRGeMmshXrihUNgtBux9agMDIqnSOfmFC6YIbfU="},"indexValueMap":{"PQ2nnE6X/fcNtj8s0ov3gayPebjAEqbwxwzyzYWPf5o=":{"valueMac":{"type":"Buffer","data":"4Z0+Lvql+NT1zYLCt2OHNygpF+OXig3puo/f17N4afI="}},"Rpmj4MwIPtkfUOI2i16fySeKfrdvY6XXu9QCawQmZxY=":{"valueMac":{"type":"Buffer","data":"v3A/mTBbft0wrvcexub7jnjAgC6tZV2mUKc7231KAC0="}},"SXmTp6h6dizl+0iNgbp+i1qNCq2ye+nF6Woz2qtR6CE=":{"valueMac":{"type":"Buffer","data":"fiL6msMdCXRCCXVkodt5DVKmeAmqugY1ArMYISrINc8="}},"w6ZVbHwckBiC4cSqCxsyRNAit/ry45DpQxlXiqU/lgI=":{"valueMac":{"type":"Buffer","data":"cWgDKF0AmXPPUiN0KXX6984ZpVC8RztyM15kzE1AOkQ="}},"3I9tYWHVVDSRSjciylzradQ3d63oK1KeOd+D57eDR9Q=":{"valueMac":{"type":"Buffer","data":"/cOy9oBaklckmXov0n2y0dWuGDZFTq38SG+MROypsBU="}}}}