{"noiseKey":{"private":{"type":"Buffer","data":"UKf8ExNftkA6XpO2Mmhu97xQH7JUF9ZX+bOfYu7bPkQ="},"public":{"type":"Buffer","data":"oatzAElLshb0Je/BE1gxzxE8zmpK8Zh4xcSAXjYUWhI="}},"pairingEphemeralKeyPair":{"private":{"type":"Buffer","data":"aKfTqdddXBnm53/JuDTvZc3m12BB4+GXnJ2uO6MPAlQ="},"public":{"type":"Buffer","data":"7leEvCC8xdrfxsZSeTt+BYz0VBkzDZD8Yg1TpFTA0FQ="}},"signedIdentityKey":{"private":{"type":"Buffer","data":"+HYdr0BJeKGduggKwRq/vHvWiMUrHboIoQZKbZQaIVo="},"public":{"type":"Buffer","data":"krKNCLn60PpBRvIuXZYqElsUlTTODyKB9LiDgGmc5Bw="}},"signedPreKey":{"keyPair":{"private":{"type":"Buffer","data":"GKbJhX+GBpYHhrCeKTTE4eAZ7wStAYeqYKwG+jALF2g="},"public":{"type":"Buffer","data":"NJ7eeT7TjQj3qXG7QkTRoiCqXHooj5HpIhJy+RXXDy8="}},"signature":{"type":"Buffer","data":"sUan9lpIO5c8Fke4oTJbcGXREzWL3x7Mtq9LjrbkjnPWJPOLjZ04ddE+bRLgjyfJOLr0C73g1AJMFDqJO5iniQ=="},"keyId":1},"registrationId":110,"advSecretKey":"JSXEgX9CaD+o2aDCXJhwrl3DfmNhh9QQSFYGQhvuGbo=","processedHistoryMessages":[{"key":{"remoteJid":"992920303588@s.whatsapp.net","fromMe":true,"id":"31C6D2A1A0DC9A440E8C76DE2EC2AD31"},"messageTimestamp":1745637668},{"key":{"remoteJid":"992920303588@s.whatsapp.net","fromMe":true,"id":"1D6630530B331F0066AE7988F2AEAF38"},"messageTimestamp":1745637668},{"key":{"remoteJid":"992920303588@s.whatsapp.net","fromMe":true,"id":"6B7A6690749C1B3A3D7D16BF56EA5BF2"},"messageTimestamp":1745637680},{"key":{"remoteJid":"992920303588@s.whatsapp.net","fromMe":true,"id":"B1210292DF57616E5474CC297B50C765"},"messageTimestamp":1745637680}],"nextPreKeyId":117,"firstUnuploadedPreKeyId":117,"accountSyncCounter":1,"accountSettings":{"unarchiveChats":false},"deviceId":"0LWuOxDeQUihKJkt1taNdA","phoneId":"561d2c7a-96d8-4963-bae8-d2e80edf38d3","identityId":{"type":"Buffer","data":"OIH73tcdQmdXOp+wz0bvsRJjtcA="},"registered":true,"backupToken":{"type":"Buffer","data":"vWtj6l3AytTa2QFi7V64ynWrNnY="},"registration":{},"pairingCode":"123LOTUS","me":{"id":"992920303588:9@s.whatsapp.net","lid":"21024452165729:9@lid","name":"Jwir Pro"},"account":{"details":"CI3ig/cBEKCiscAGGAQgACgA","accountSignatureKey":"GXsC7DVCcvHxLtivTnfSvSvW97aemqyKc30uwoCo31Y=","accountSignature":"twVuv+RWEleSbK6vbYFv1aseY2D5c2vJXNYQQY+Qnpsgd44JPGHYKPRyAnHceYJZMq45WGYhdB6v+VesXnvFDA==","deviceSignature":"ptzGEaAdPuFAMOpXeQvBsLSP9aDXWW3r+poWwyko4qR3+3SLpCY+6tpzywusxf4aWHYbpcPKh1G5AHWeku2Njw=="},"signalIdentities":[{"identifier":{"name":"992920303588:9@s.whatsapp.net","deviceId":0},"identifierKey":{"type":"Buffer","data":"BRl7Auw1QnLx8S7Yr0530r0r1ve2npqsinN9LsKAqN9W"}}],"platform":"android","routingInfo":{"type":"Buffer","data":"CAIIEg=="},"lastAccountSyncTimestamp":1745638299,"myAppStateKeyId":"AAAAAOEB","lastPropHash":"2P1Yhf"}