[{"senderKeyId":532204239,"senderChainKey":{"iteration":1,"seed":"ICaae9SkeeCQhAAyy904Mle1nf5DkTdf8KX01bY8ysw="},"senderSigningKey":{"public":"BTpifS4c8UbJmClJ/oDGQ7QLPKQnKdSp2WuCb2yNwpoK"},"senderMessageKeys":[]},{"senderKeyId":1335136234,"senderChainKey":{"iteration":3,"seed":"QKQi1AkW2D4q1X3m/nekvZFMfMehg83GGNYn/t7ag1o="},"senderSigningKey":{"public":"Ba8ZLe4oZJzXs+hsnicYJLRVGHZcypppl016aw17Q4oJ"},"senderMessageKeys":[]},{"senderKeyId":1266923767,"senderChainKey":{"iteration":1,"seed":"FhyccICHnC4H8ZImQGZt0bax2ROskau+EZHVX4R5aqo="},"senderSigningKey":{"public":"Be7KZTm570FGZJp29mg/iNU6JDuSb9zIb5YSb0QwyXRi"},"senderMessageKeys":[]},{"senderKeyId":1806697089,"senderChainKey":{"iteration":4,"seed":"a3gOLLae5K8ftWluUH1cEeiEkwU5WL/Xu0jv2idXgqQ="},"senderSigningKey":{"public":"Bf2u7dJAmDPSGuSN3azRUtI/xafqmBZ9HGf5m9hVVaFd"},"senderMessageKeys":[]},{"senderKeyId":916428098,"senderChainKey":{"iteration":0,"seed":"Ih1W2XQc61dF1fVMIYGfkfhs7tygCeTeFpgJ7Q3gvW0="},"senderSigningKey":{"public":"BRAmSYCfFKpm1nNzovWJIXki1860e2DFn8q8krchklsX"}}]