[{"senderKeyId":964380508,"senderChainKey":{"iteration":21,"seed":"e+WtpMZzJ7N2Fd4fXIBgSmHK4hLTgci86f7A4R11PsI="},"senderSigningKey":{"public":"BaJOsGDqwB/cN3uvGUSEAyF3nrZlbagoKCzAidkkaRN8"},"senderMessageKeys":[]},{"senderKeyId":1758677383,"senderChainKey":{"iteration":4,"seed":"5IMfwjTIeRFd8RpZRkI+/tJgN946gT+7garTlAmHeFw="},"senderSigningKey":{"public":"BWvSrjoOBS9PGgHyoVyscrGRl30eqOz3Fj2X22myrQNd"},"senderMessageKeys":[]},{"senderKeyId":291203149,"senderChainKey":{"iteration":2,"seed":"R6LbDP04/aQ2Z0qhIMw0NV9sitY8bBJYIgiDIV2fvvU="},"senderSigningKey":{"public":"Bf0ty/PqEsMDC09zvFcVc1yeYujLYpCQQqrET2br9Yl2"},"senderMessageKeys":[]},{"senderKeyId":763290216,"senderChainKey":{"iteration":5,"seed":"NoSkPRbb3lu3/3vtGc4i9dsrB9/QAqx5kCfpBOrcMu8="},"senderSigningKey":{"public":"BdTFCsZD02hGW//wVeaqic3MSmZMUg/oU/fGHXubX8Y2"},"senderMessageKeys":[]}]