[{"senderKeyId":1533293908,"senderChainKey":{"iteration":3,"seed":"VENnRj1QeRfXSCgvMWD4JSEqiP5iDgkZmbWsxc5ILbM="},"senderSigningKey":{"public":"BRmSTy91g+O9ffpTh0jMDlvvdU9eXGXth/X0z79Uf8NU"},"senderMessageKeys":[]},{"senderKeyId":895739260,"senderChainKey":{"iteration":0,"seed":"iFVtYMnLPWn6L641VdBkPeb4k2UeQ8lif9Ka0Scdzwc="},"senderSigningKey":{"public":"Beg6aDGVt63Tr9L+yWreZxlnN9Z5gI/laDHZjy3Gj+9/"},"senderMessageKeys":[]},{"senderKeyId":1134725631,"senderChainKey":{"iteration":0,"seed":"VmKVEf7WnnyBrZiA+mQk+dD1IHDvrssNuiM5xMSAEU0="},"senderSigningKey":{"public":"BaQc6lbIBwDdMtBR7GbwLrChT2gQxJnAmJZOP6p++XdF"}}]