[{"senderKeyId":184714066,"senderChainKey":{"iteration":2,"seed":"wmMP5ZXGVC0ICrvYhJgh7AssXJzCQ0CCpOfesFDgpkA="},"senderSigningKey":{"public":"BRo8c1bZbDow3zYhXX/JyLaZlvuy+TEz+sh4T9h8aXEF"},"senderMessageKeys":[]},{"senderKeyId":1690155170,"senderChainKey":{"iteration":2,"seed":"Op2Xsc7NMHEf8k0485Y3Y7VTxMJ3nNSBBut25P5ovYc="},"senderSigningKey":{"public":"BQCvRwxYV3RKIlyqxROb1YzRGrhStXBB890DgTfBWY5Y"},"senderMessageKeys":[]},{"senderKeyId":45012198,"senderChainKey":{"iteration":1,"seed":"yxCg8pKR0S57Fe8vfbGdAnE63cpDeHpXzlX/EJO0EIE="},"senderSigningKey":{"public":"BZ18x3sA76oz3aotp2lAoQRB6tRVlr1pWUxTb6XO+J44"},"senderMessageKeys":[]},{"senderKeyId":55804732,"senderChainKey":{"iteration":1,"seed":"fWUxoFsDvsP/ISSbkbHg6cRfffZecNYuKgTof05WLOw="},"senderSigningKey":{"public":"BSX+a5ANJmG2iH7LBPY3YGGv4yiRtzlowcvFqGKpGzoA"},"senderMessageKeys":[]},{"senderKeyId":2021027832,"senderChainKey":{"iteration":3,"seed":"SzW61hBbWAHT3hLrSNs4oPE5+DcdwKGAHKNAVxAHpNs="},"senderSigningKey":{"public":"BUmNNS4621+xJcz0HCP6VdvCwQ1UXjryJlFA2jxAa1hO"},"senderMessageKeys":[{}]}]