[{"senderKeyId":554193339,"senderChainKey":{"iteration":4,"seed":"HNpKyyfNAD7mHmiBPS8kBaZ6WZxojQg1H3qCtmy3ox0="},"senderSigningKey":{"public":"BXgVZCaizkRqVXnULi6tWU4JKyx/hDk56x5QunjiBHcC"},"senderMessageKeys":[]},{"senderKeyId":168338171,"senderChainKey":{"iteration":0,"seed":"XBpHdejYxSv+CebwzVn5drvZWHEjC37eoASoiY07IpY="},"senderSigningKey":{"public":"BaLpZReYT2SYPdCal5fb4NBEvzFsByx5g40WSdONbxQZ"},"senderMessageKeys":[]},{"senderKeyId":168338171,"senderChainKey":{"iteration":0,"seed":"XBpHdejYxSv+CebwzVn5drvZWHEjC37eoASoiY07IpY="},"senderSigningKey":{"public":"BaLpZReYT2SYPdCal5fb4NBEvzFsByx5g40WSdONbxQZ"},"senderMessageKeys":[]},{"senderKeyId":168338171,"senderChainKey":{"iteration":0,"seed":"XBpHdejYxSv+CebwzVn5drvZWHEjC37eoASoiY07IpY="},"senderSigningKey":{"public":"BaLpZReYT2SYPdCal5fb4NBEvzFsByx5g40WSdONbxQZ"}}]