[{"senderKeyId":2110782645,"senderChainKey":{"iteration":3,"seed":"lTFqAgTzA2hIcRjGFwnY5ftcWiQxaXWyBnRdRP0E6vk="},"senderSigningKey":{"public":"BckzgDxcgiYTKA6+ot4Z4sDxggrIjNIAzgUKabqhCRxd"},"senderMessageKeys":[]},{"senderKeyId":734222960,"senderChainKey":{"iteration":2,"seed":"cqaRCMwBfTFDJIHj4fXoKArH+FmFQ79ZVpBtkplDsoU="},"senderSigningKey":{"public":"Bc8ijHfWYiPrKRnBg5dGCC3dZtQSktUljvnYBw6GN75T"},"senderMessageKeys":[]},{"senderKeyId":454908781,"senderChainKey":{"iteration":1,"seed":"1Ss/bR9uiRs1rBCEUk5LqLkAmhN+sndZk2mVrkW2IR4="},"senderSigningKey":{"public":"BV+JdwPaAJYLcdD4R9arWGKIChWQqHkHCjxJkHXyK/ku"},"senderMessageKeys":[]}]