[{"senderKeyId":1064196350,"senderChainKey":{"iteration":1,"seed":"7j2NFpY3hiM3TAP5mTrXiKXbqt5XvdE23/VfLZuq+6c="},"senderSigningKey":{"public":"BYRRX8ZEZGRhVa7P9U1alW41jB5QWUmS8quB7nJmZFwU"},"senderMessageKeys":[]},{"senderKeyId":877668695,"senderChainKey":{"iteration":1,"seed":"xRC2qU+xiJ+oYyDbM8+fcimN6D36RFmMCgel43UPeX0="},"senderSigningKey":{"public":"BdVhNSPHJbwgRDRqJKbwUM/fCvVX9ZU94e9U1GW9lV1S"},"senderMessageKeys":[]},{"senderKeyId":428285048,"senderChainKey":{"iteration":11,"seed":"W6yWvr+4aZs9SwzsLep3KVFJeKGUtB+pPY9W6zXXDkM="},"senderSigningKey":{"public":"BTam6AJ+XyaR8PEvwrMbhvBrfiMAU5/MUDZv/qt7VGNv"},"senderMessageKeys":[]},{"senderKeyId":136592850,"senderChainKey":{"iteration":2,"seed":"HKMTAUpnR+9BTGYAxsO1wWfrkk3zM7NwJnJHKxB6zmU="},"senderSigningKey":{"public":"BY1V8bM3f4oYnU6H8/xYxbeaIk3VVkKjAbBn/cd6assI"},"senderMessageKeys":[]},{"senderKeyId":428181729,"senderChainKey":{"iteration":0,"seed":"F5aEiYrMKre3QOiLctoqTuzssa62cMAnfM9lzAMqDGA="},"senderSigningKey":{"public":"BcCNJ/TDOLuteJLFextt/GlP3YjW5mbXfUlBelONJzBg"}}]