[{"senderKeyId":1873776391,"senderChainKey":{"iteration":7,"seed":"Oixv1Ys4VYM1qrCnKYaVM+XeyD3GI2zmKd4czt11qdM="},"senderSigningKey":{"public":"BTyd1aSXgQn4dzWDDLiFQoFalnhwtfI0PuZol9uuQ6N1"},"senderMessageKeys":[]},{"senderKeyId":439321206,"senderChainKey":{"iteration":5,"seed":"fJw5UIJnMCKQf/px2Agm4bj1tak1+jNaHWP5i5nk4kE="},"senderSigningKey":{"public":"BWZjb8zRlbvihIDfvP9TIk3mFSrHnSNVNR0f22rCUk9E"},"senderMessageKeys":[]},{"senderKeyId":439321206,"senderChainKey":{"iteration":0,"seed":"llcKi5do7BoZggsg34Eaf0gbOUU903OrgDe3A3EVAQM="},"senderSigningKey":{"public":"BWZjb8zRlbvihIDfvP9TIk3mFSrHnSNVNR0f22rCUk9E"},"senderMessageKeys":[]},{"senderKeyId":1022946290,"senderChainKey":{"iteration":5,"seed":"yZKYuAVv55yX4+apJuO7YObMji/hYVzohEaRlEEGEpk="},"senderSigningKey":{"public":"BZR84BkjLDePm1jd+rv3Ykl/zsJR2SYv33elEiJ3Cld7"},"senderMessageKeys":[]}]