[{"senderKeyId":696938197,"senderChainKey":{"iteration":1,"seed":"uYby+9F2Z38jB32kDuNhH7NoDxaARiM0GimAogsYnzw="},"senderSigningKey":{"public":"BVt1J+uzBlXJ4GXnrkSV5lIRmOZ49O698sSplCZlyu5w"},"senderMessageKeys":[]},{"senderKeyId":1180353867,"senderChainKey":{"iteration":5,"seed":"8cBWZXIPFW+GPMI6qUd8r4M2IPtAfqkRvUjqD+AWLmY="},"senderSigningKey":{"public":"BQKMvQp/04P9wbgio7fjKJ2SviC3ad13eFuCvrKFuR4q"},"senderMessageKeys":[]},{"senderKeyId":453914034,"senderChainKey":{"iteration":1,"seed":"dV+poB40Zx8swYcXVovVCJgQmjzZqFM6DMHJGzAJ2Xw="},"senderSigningKey":{"public":"BSYFphkGdTgWA2fEBwNO15ZW2jBQmWs70gvucTAlxCly"},"senderMessageKeys":[]}]