[{"senderKeyId":670049640,"senderChainKey":{"iteration":1,"seed":"vWyknTS/BrKTbpx8GD9sutD213f88lIa/jwl4wyCrEU="},"senderSigningKey":{"public":"BWC2RpjkxkRUBNJOg8/FnDDEreOc3rybWu8OvjcYAHgj"},"senderMessageKeys":[]},{"senderKeyId":1855398345,"senderChainKey":{"iteration":9,"seed":"M/e/iQJluZvvLqLYK65sNyhkiMksVHv2NQ13LfTjwXw="},"senderSigningKey":{"public":"BVdpAUbTB/V5r4OwhZhtKLxXAF3oHsKOgbrpj3BJo2Ag"},"senderMessageKeys":[]},{"senderKeyId":1462742207,"senderChainKey":{"iteration":5,"seed":"dIa0lUA3If9Aa96TDWKf8pFntLyceQ4GAwhUHY29SBk="},"senderSigningKey":{"public":"BdOE3UjEwU/F4Y9dHW63FUat2/ytWC/BpiZ14GJXE/9J"},"senderMessageKeys":[]},{"senderKeyId":62520249,"senderChainKey":{"iteration":8,"seed":"0E7w92m8okmpnzJ87SQfVTYrarbHRmukEiJrK0Bkvms="},"senderSigningKey":{"public":"Be6DIs6T8YaF3GUbKWTW8WVDFu40w0l6Jxdi2MfPDgIr"},"senderMessageKeys":[]},{"senderKeyId":1334546047,"senderChainKey":{"iteration":19,"seed":"UeUJlOXmb339r5HzQyXhauOJKH+PSxlAkMv6M8tMmFE="},"senderSigningKey":{"public":"BRdc5Zep+XppD4hYY2bs3qgs8xKlTjVaS9HoCRHDDfYU"},"senderMessageKeys":[]}]