[{"senderKeyId":541017717,"senderChainKey":{"iteration":1,"seed":"2OgpirXldiHc/QwQe8z7lW+1BnjrmEq+9rcWMFmN17w="},"senderSigningKey":{"public":"BcO6vXWLw9+DayHmcoMk0jfzRewrdNgzNUdMtpGZhG5Z"},"senderMessageKeys":[]},{"senderKeyId":1223935507,"senderChainKey":{"iteration":1,"seed":"EUeXpFm2h6O1AatG2t5SQHrZ7Yp5qCreniwY69Z9alA="},"senderSigningKey":{"public":"BW7gEb0bhDHtIAfF8EgjWLCiff2n/KRnVTD7Tck5tmk9"},"senderMessageKeys":[]},{"senderKeyId":1046407094,"senderChainKey":{"iteration":1,"seed":"GOGmwVSGwhYf1gd+IoznDId/XFAaNbF6mN3rso/+2To="},"senderSigningKey":{"public":"BS51MZd9JHBborcd/oVXfDGYefO+VKOpMghQWiLV+plK"},"senderMessageKeys":[]}]