[{"senderKeyId":1198516078,"senderChainKey":{"iteration":2,"seed":"w/TUBdFH/XRA8tldFGjqC1jDsbCoEkD9NKo6BGcGZKQ="},"senderSigningKey":{"public":"BR/Vsb6+X01xGXLfLgwcu3nWNFJmEzxscKw9qLdgd1VD"},"senderMessageKeys":[]},{"senderKeyId":1063848445,"senderChainKey":{"iteration":2,"seed":"wK27qNWimiMDw0W5cC+4lo9X65rInoJ1J2r3tVU0a/8="},"senderSigningKey":{"public":"BXCKFbSs/c9R3Kd7SVOtQUgIyEUMjY0hvTtoZE8PSrwm"},"senderMessageKeys":[]},{"senderKeyId":1734411421,"senderChainKey":{"iteration":2,"seed":"w2ChyRhksAK8r2xH56pJ5xvvvVi+s3kIwafiZlVrAcE="},"senderSigningKey":{"public":"BfihPBRa9P37ghbdCXgXXLIgRx6CIxPmCa17q//17KwL"},"senderMessageKeys":[]},{"senderKeyId":1734411421,"senderChainKey":{"iteration":1,"seed":"ANQzv7kw9TIxZkN5/dJwS5bqRYQg1d8ooKKlNtMs1+0="},"senderSigningKey":{"public":"BfihPBRa9P37ghbdCXgXXLIgRx6CIxPmCa17q//17KwL"},"senderMessageKeys":[]}]