[{"senderKeyId":277963387,"senderChainKey":{"iteration":1,"seed":"pi4Dfhl9LOxFjkoE4HmbdzMkUWuMOljt3/r5m1tIrl4="},"senderSigningKey":{"public":"BaEqJjOXN+a8Y9O/UUNsGS+osEh776tBTRi/Nv1MkLEW"},"senderMessageKeys":[]},{"senderKeyId":2059000214,"senderChainKey":{"iteration":2,"seed":"DOcAVMEyGz035PVTi0RO5hSyY/1ghbtYNTItnMNIfIw="},"senderSigningKey":{"public":"BbSbdZroVhNFnJEddVdF3ejdxjte5cPA78tENvTHHhFz"},"senderMessageKeys":[]},{"senderKeyId":1351122547,"senderChainKey":{"iteration":5,"seed":"CBjtn6fI5M5Hyp3Xn/PJxFxL23/ep4I8caCxEbf3CGE="},"senderSigningKey":{"public":"BQxm/dWNpWCS5dQpJNAm2CltqivcNBBc37Vv1/nneqEy"},"senderMessageKeys":[]},{"senderKeyId":266474397,"senderChainKey":{"iteration":1,"seed":"0wPW7DnVknMCQ6QrqNylXQUL9DK61VJ9gPbcVYAhjjE="},"senderSigningKey":{"public":"BTqdHZaGGUZFwIaizhq6nvFNN9i7aq3pXYHBedhIaLUw"},"senderMessageKeys":[]}]