[{"senderKeyId":1906036136,"senderChainKey":{"iteration":2,"seed":"X7ddQjOi5mmo7klZk7ddRKtkQHy6if8DYrjddK2/0jU="},"senderSigningKey":{"public":"BV3oKiKMlASMpJxZCNeI8xasDRBMnS5Olodle7puTNJ4"},"senderMessageKeys":[]},{"senderKeyId":53952913,"senderChainKey":{"iteration":1,"seed":"QoT2uagBEfPhPnM7zwwYvXM3jNGtLwaT7ymo2FmQNEo="},"senderSigningKey":{"public":"BSxnKripM+X2pea5lqwxLjrvrjbwYNXiWAPTF+11jfRE"},"senderMessageKeys":[]},{"senderKeyId":53952913,"senderChainKey":{"iteration":0,"seed":"oS1DkVWOi+rzHVY88+VSqkm7dcSE+yHP3aIwF1a/nbc="},"senderSigningKey":{"public":"BSxnKripM+X2pea5lqwxLjrvrjbwYNXiWAPTF+11jfRE"},"senderMessageKeys":[]}]