[{"senderKeyId":294533321,"senderChainKey":{"iteration":11,"seed":"krf1VzRlvBy0XIyNqLD9IKwoFYg2wPIBMqcRBmEaBc4="},"senderSigningKey":{"public":"BacfXZkeoEL94xG2XDmhIjsZFaOjiAZQjdZT4a05K9dr"},"senderMessageKeys":[]},{"senderKeyId":1435845018,"senderChainKey":{"iteration":1,"seed":"3wB7NIVmlBad0GfeE5kFQfRV8rnBUpUZVU/myU3U7P8="},"senderSigningKey":{"public":"BaeZH+iMvbZsEoUvlpmrWsJheUUkmVa4lVN3FzR9gBVt"},"senderMessageKeys":[]},{"senderKeyId":703451994,"senderChainKey":{"iteration":2,"seed":"J8JW10NBNeEf97hRd94gkRTU1ESzDe1B3lzLSCBph6Y="},"senderSigningKey":{"public":"BZdJcn2gqZptIjcC134f/CaMCwwM3gANj8dbg23Hq/RJ"},"senderMessageKeys":[]},{"senderKeyId":1710876197,"senderChainKey":{"iteration":3,"seed":"1WAJ2HC/N4zzU0bL+7G4Of1HMTM/lBms5IvxP1R0rIE="},"senderSigningKey":{"public":"BQSJJzWZw+u8Y3W1/tlEgxGCe23kLU4LWTCpSR6gBTAE"},"senderMessageKeys":[]}]