[{"senderKeyId":75835677,"senderChainKey":{"iteration":2,"seed":"hdTQfOEefVGlhOatYrwdFTzZ3Bm0dS3qgzkh20nCzns="},"senderSigningKey":{"public":"BURvj1nG2fKBbmW5dkkLFidOMORbIgXf5L4XIViOYJJC"},"senderMessageKeys":[]},{"senderKeyId":859328490,"senderChainKey":{"iteration":2,"seed":"puflT9X9KZEJTx8LfiSzB5XnRNLv0ubssy9lHnrbkzo="},"senderSigningKey":{"public":"BVQ4CF+dSemNVF0XN7VcGEhoh3H4IalZITD6CFmYvcd8"},"senderMessageKeys":[]},{"senderKeyId":859328490,"senderChainKey":{"iteration":1,"seed":"0GATYki8kwFlqgdu1W3PolYf3PKxWpKsfqemY2junzM="},"senderSigningKey":{"public":"BVQ4CF+dSemNVF0XN7VcGEhoh3H4IalZITD6CFmYvcd8"},"senderMessageKeys":[]},{"senderKeyId":22119853,"senderChainKey":{"iteration":5,"seed":"CShFkk8ykmlnP0pdSRV2jtAhk30i5xIZRDF+kzRD6Hw="},"senderSigningKey":{"public":"BYStOtkuFTgXjfLEFo9O5GyvIbGnTefe3WGZJn1OHJd0"},"senderMessageKeys":[]},{"senderKeyId":22119853,"senderChainKey":{"iteration":0,"seed":"Eb0QgMsUDDJ03zLzOKkdckasy/Pf+tdNdbMjmKRUJaw="},"senderSigningKey":{"public":"BYStOtkuFTgXjfLEFo9O5GyvIbGnTefe3WGZJn1OHJd0"},"senderMessageKeys":[]}]