[{"senderKeyId":12290609,"senderChainKey":{"iteration":2,"seed":"OeBJEyl0LwJ4fnXgaHVRa0632d6p8wBkB2OSg2hr3+8="},"senderSigningKey":{"public":"BUrwZ6HpsEmjVnwqTIX+ghNzbo6TWZsaitWxa3bPcyVg"},"senderMessageKeys":[]},{"senderKeyId":528837625,"senderChainKey":{"iteration":2,"seed":"JWli48yvMT4Pfp/1RGDvWd/3MWV/AWS/wsJTVlJZPF0="},"senderSigningKey":{"public":"BUKPHeMSt3mP/cJMbGP3EwiQQrG2uTjPQjWyGfx8/s5b"},"senderMessageKeys":[]},{"senderKeyId":468786365,"senderChainKey":{"iteration":3,"seed":"/OpFGMI77fz+mVymO7OXPD5+KGJWczwhI6F2DVSPv7o="},"senderSigningKey":{"public":"BfYz1vALj34P7n+vDU5GEjBsJ6e59g73SCvCh8HBRRdz"},"senderMessageKeys":[]}]