[{"senderKeyId":1886888331,"senderChainKey":{"iteration":2,"seed":"Nzvj7U931QwaD0rFVeRGFWyH3bIzWO8sfbKW7mkKpvE="},"senderSigningKey":{"public":"BaTgM/lIrXzimv0hcGPjUsH3chDTXIH557guoqcl6AwV"},"senderMessageKeys":[]},{"senderKeyId":422496642,"senderChainKey":{"iteration":1,"seed":"cU6XWyBa/dIxvIV6wkmelAFa9M4CfTNCp6RjrR0xWOY="},"senderSigningKey":{"public":"BTjayCE3mZy+MljmIfG7CeIaL1K6YPxHJE0MusTJu84a"},"senderMessageKeys":[]},{"senderKeyId":1826511112,"senderChainKey":{"iteration":1,"seed":"DcWSbzJ9D2XhKzZ7a95U9Bpq5xiegDDPDJazxD9H818="},"senderSigningKey":{"public":"Be3vmuJY2nltvGyxcKfldew9EveZANbWJmzpT4Z/XRcR"},"senderMessageKeys":[]},{"senderKeyId":628860344,"senderChainKey":{"iteration":2,"seed":"Q1qQfB2aQSeG1+hL346nBkmUCv8xHxpAnbzFwFs03fQ="},"senderSigningKey":{"public":"BUYu2bfroS/NqOSiXroczHwyBaq8in44YG4qnlozgLxP"},"senderMessageKeys":[]},{"senderKeyId":1289765574,"senderChainKey":{"iteration":5,"seed":"Bxu+CmGlRZ9nEZSzR0XnpZfOzbBqzRvC9XQK647pFwI="},"senderSigningKey":{"public":"Bfy9gmx+bgbUbMZyYF2FtH9mqsDliPgKkAZkg5LkRFZ7"},"senderMessageKeys":[]}]