[{"senderKeyId":1440435981,"senderChainKey":{"iteration":2,"seed":"XSfbVyEcRnSirjfksnM2vzk/iK6gcQtpdKDYp5ooMMw="},"senderSigningKey":{"public":"BQPD7DXQicJePdxJm0TVjHFBbFsq0vjKvXT+coqcDkVg"},"senderMessageKeys":[]},{"senderKeyId":1934208057,"senderChainKey":{"iteration":1,"seed":"Li55YdK+M7iLtVJXANEnnTY1UvrV5972PC65g/bVz68="},"senderSigningKey":{"public":"Barw/wdw3M7EmZ1ZmsoJuGvBgN+NIxmB8gPYpVR5GXII"},"senderMessageKeys":[]},{"senderKeyId":209831296,"senderChainKey":{"iteration":2,"seed":"lrmlmHUzEf7UXn/7MOy7wMU0u7Y8d70BaZP5klWjMmE="},"senderSigningKey":{"public":"BRANJS5mWGQcfeKK9kmSzGKbxjjqQ8MYZzfxA8Dm/o1Q"},"senderMessageKeys":[]},{"senderKeyId":721839784,"senderChainKey":{"iteration":4,"seed":"x32uUnQ1XJ3drXom5Vpd51kn+G2PyEtkNnVJzHc5SIs="},"senderSigningKey":{"public":"BTO9YSCEICzigwMO5CkK+LOunAr1IpX4yF7NrDC7JkYJ"},"senderMessageKeys":[]}]