[{"senderKeyId":441940704,"senderChainKey":{"iteration":3,"seed":"DMdtpfAEKgpx9Chsd6bc9LMM7ZDgDVsxij/uHAUKQm0="},"senderSigningKey":{"public":"BVR97SQjYMAKpoYbqVE1D6r6bwHgmzG42LFshJ4DZVlA"},"senderMessageKeys":[]},{"senderKeyId":1848207168,"senderChainKey":{"iteration":4,"seed":"U09JmBnNfKyOx8avrozgFizgoFFyD/LYSwLeqMHSXaM="},"senderSigningKey":{"public":"BQmfPtqXntjEhMlQ/KjeLvx7tFT1aJvvAT4L+Q3L8sBC"},"senderMessageKeys":[]},{"senderKeyId":398411273,"senderChainKey":{"iteration":15,"seed":"J3e6Ki2N8uRowCKmQYQTv+vWql2taqSsi97SMd0XYUI="},"senderSigningKey":{"public":"BfMbVft4cissO3Sl4h83IpiSNebfiQRJ3dGy9FbzcUpv"},"senderMessageKeys":[]},{"senderKeyId":460728187,"senderChainKey":{"iteration":8,"seed":"6MEzYbx8phTzYCvFPBlHz3qkE/8CjSyxVRpA1Gq9lMk="},"senderSigningKey":{"public":"BYm3BkqV4ckh1YOQ+UqhMtOuuhXJMmYp4RFry4hUthwv"},"senderMessageKeys":[]},{"senderKeyId":517045542,"senderChainKey":{"iteration":4,"seed":"ElPNIyvhqUz06ESkufLTJkMmr34F/ynAwJqMRuQs8j8="},"senderSigningKey":{"public":"BV89QYL+kl0jj7BueyoBo0KxfEPWadI2owzS+PjqJZRM"},"senderMessageKeys":[]}]