[{"senderKeyId":995950377,"senderChainKey":{"iteration":4,"seed":"1Cme4Rs7ZPKmXsuFQLvSc0KpEPOifLoMPwExSknOs5E="},"senderSigningKey":{"public":"BbIgh7cE2PT9mphHrSHEopyqjKhinbnWSsshOWjhGw04"},"senderMessageKeys":[]},{"senderKeyId":1426413279,"senderChainKey":{"iteration":1,"seed":"Mr8tY0F86itd4tWXHUhZ7piwPD5f2rPAWRWBCZPaX50="},"senderSigningKey":{"public":"BbnqUaPQVcqYHczvV+sTBMfve8L9/hQgWkkjrTemLfdk"},"senderMessageKeys":[]},{"senderKeyId":65921911,"senderChainKey":{"iteration":0,"seed":"KmLFJK7tSMfLk5XjKtR7LDYf07M+H48oaudHRcaO+Js="},"senderSigningKey":{"public":"BfyeQRRew1E6tM3wSgb4AK/ctp+PonhpW2LKZ78GnUUE"}}]