{"_sessions":{"BfZKQ4lWPoE6u1zzRUgDWVGn+knStxGNDaoD6vzP0oV9":{"registrationId":1470361499,"currentRatchet":{"ephemeralKeyPair":{"pubKey":"BYjMsdV/y/AkyeCsHmzMrNq2lPKIMIhfE1IcP1mWpvgZ","privKey":"IOYSGuCdFHN5HqkMpCJ61iFSDVeOjjBqg3Le5vRZHXU="},"lastRemoteEphemeralKey":"BQDy3X764v8DapG/mXtwlSWHEE1DWdhWyL/mEmVsGLUZ","previousCounter":0,"rootKey":"vI73JIrd6AGI70imbwAC3bYHD1p0swyh7wa+cCVs4WA="},"indexInfo":{"baseKey":"BfZKQ4lWPoE6u1zzRUgDWVGn+knStxGNDaoD6vzP0oV9","baseKeyType":2,"closed":-1,"used":1745642503668,"created":1745642503668,"remoteIdentityKey":"Bem+VEzqt0HCQYF1Hu/8OtLQh2t80vDtssxVj4mD6FIb"},"_chains":{"BQDy3X764v8DapG/mXtwlSWHEE1DWdhWyL/mEmVsGLUZ":{"chainKey":{"counter":1,"key":"xtnkx2VQbCiTMFMZQ33VkTmcArAW5cW07M8Z+m6Amr4="},"chainType":2,"messageKeys":{}},"BYjMsdV/y/AkyeCsHmzMrNq2lPKIMIhfE1IcP1mWpvgZ":{"chainKey":{"counter":-1,"key":"GjLOmBzPnOnJ4GIkA33LOfdWf00CdPHFLm8F/9clg+0="},"chainType":1,"messageKeys":{}}}}},"version":"v1"}