{"_sessions":{"BbD+vcO+ofDZizin9Fbyki5k+YUzA6+OXMcCq/5n9zNp":{"registrationId":780673248,"currentRatchet":{"ephemeralKeyPair":{"pubKey":"BZurXv/1D67Am7jjSDXvDLM3N1w2k5mq6JPI8TQdqXh0","privKey":"kBUJPQa1n+LizL50k/xnn4rfSohrHycOWWGjaD/11WA="},"lastRemoteEphemeralKey":"BarNNgnejWASeUDEIP2+FDk4VCSNOvHv3Ul76OA1Hw9E","previousCounter":0,"rootKey":"omrMMQvewU2ZZnESA4WAnyDHAywKGxBwycpUpjLfhIk="},"indexInfo":{"baseKey":"BbD+vcO+ofDZizin9Fbyki5k+YUzA6+OXMcCq/5n9zNp","baseKeyType":2,"closed":-1,"used":1745642871251,"created":1745642871251,"remoteIdentityKey":"BX03a3IPlixwi5fqeMrJgk41VUYOWNAui2clZIx6cHkS"},"_chains":{"BarNNgnejWASeUDEIP2+FDk4VCSNOvHv3Ul76OA1Hw9E":{"chainKey":{"counter":0,"key":"GlMJFwHSUwsPSeLnTfqLSg9B3zZJCJJH8lHMHYdfWHw="},"chainType":2,"messageKeys":{}},"BZurXv/1D67Am7jjSDXvDLM3N1w2k5mq6JPI8TQdqXh0":{"chainKey":{"counter":-1,"key":"EOMwz1QKC89FJT2lVP4KvdPn9dEFgEYnBOXXXFEokZ4="},"chainType":1,"messageKeys":{}}}}},"version":"v1"}