{"_sessions":{"BcdmreMPSRQ7Qb284la6LiFyU/UREUOqEnDN8MQ+eqMP":{"registrationId":1759129031,"currentRatchet":{"ephemeralKeyPair":{"pubKey":"BfNxFEwiWqgJVYMMfjjB19Yr8e+YHWep+8JYwGRWl5d5","privKey":"mIRg2zNt6yEsGWqjIIgAvHcyWASOowP+fwMPsNxLokU="},"lastRemoteEphemeralKey":"BYpnPHETh6vKByrkLksP/mAW0DBuic41f2ZwETPnfgoe","previousCounter":0,"rootKey":"tFKz2iQpCkxrioMu783jgWiaRh2OJbaU8Yd3WNyaILg="},"indexInfo":{"baseKey":"BcdmreMPSRQ7Qb284la6LiFyU/UREUOqEnDN8MQ+eqMP","baseKeyType":2,"closed":-1,"used":1745642501209,"created":1745642501209,"remoteIdentityKey":"BarWLBgFQ1jEW4FUBhxIP2xYdF345A3ITob0NhIE7aJv"},"_chains":{"BYpnPHETh6vKByrkLksP/mAW0DBuic41f2ZwETPnfgoe":{"chainKey":{"counter":0,"key":"t+2N0Bcs2jgpntBtffbibz/8bdAj/NhrtI7JhIkCBec="},"chainType":2,"messageKeys":{}},"BfNxFEwiWqgJVYMMfjjB19Yr8e+YHWep+8JYwGRWl5d5":{"chainKey":{"counter":-1,"key":"ucPiIf2VCs+x8YYH0UXq0U8EWGkf7rtDBbf/l11ih98="},"chainType":1,"messageKeys":{}}}}},"version":"v1"}