{"_sessions":{"BTQYOTPL7JyfReeSUkPsueuUMcWMoVMqH41TTBU5URsW":{"registrationId":965224690,"currentRatchet":{"ephemeralKeyPair":{"pubKey":"BQKaZjHVRenU82CU5g792ReXxAF9lronhbKspn+o7LRX","privKey":"0KzMnnJpE5xOx+y97WnAYlFPDGDXH8G+t6s6nmnQtlE="},"lastRemoteEphemeralKey":"BYT8YaLgmuNh4JxJ20QJ55KR2Eha+HeYVFyhxL9KTg9s","previousCounter":0,"rootKey":"P0O8Fx7BpxeNeYS+133hGvLLb46MnUUYkO9nFZ6KdOQ="},"indexInfo":{"baseKey":"BTQYOTPL7JyfReeSUkPsueuUMcWMoVMqH41TTBU5URsW","baseKeyType":2,"closed":-1,"used":1745637772574,"created":1745637772574,"remoteIdentityKey":"BdXIL7vOjz6UuQB2p9JGndjjxsVJrwYjMXV46I6r3AoG"},"_chains":{"BYT8YaLgmuNh4JxJ20QJ55KR2Eha+HeYVFyhxL9KTg9s":{"chainKey":{"counter":8,"key":"cfWSXjuN/HIzD5BmOp/gxZpf6VzUm8LVY8IF1s+8Ca0="},"chainType":2,"messageKeys":{}},"BQKaZjHVRenU82CU5g792ReXxAF9lronhbKspn+o7LRX":{"chainKey":{"counter":-1,"key":"OZO206ovS7ELeDjZCC87v3Jrs2kyBm+JK3+QkG1uEiI="},"chainType":1,"messageKeys":{}}}}},"version":"v1"}