{"_sessions":{"BdjKCpa6fPrw5mNpRxVVlZorYtNnBCOBewLgQiJlH0UF":{"registrationId":1769827123,"currentRatchet":{"ephemeralKeyPair":{"pubKey":"Be9r7rClqnPhtOdLSP8S64j2rrm5bcsR5Kk1E0BFV1IT","privKey":"2DoL8jfEonoZHT8OCazH0caROW/xWFxUXZ5ijwKfbUc="},"lastRemoteEphemeralKey":"BXn4gOzmbm5C5Otx2yB7EgKElloVKtOEQrtWNIaF6a9M","previousCounter":0,"rootKey":"vfi7YR8X+YzE328Waz8Q3DkBA0wWwNaxpC3G2eLnmvM="},"indexInfo":{"baseKey":"BdjKCpa6fPrw5mNpRxVVlZorYtNnBCOBewLgQiJlH0UF","baseKeyType":2,"closed":-1,"used":1745642500154,"created":1745642500154,"remoteIdentityKey":"BXCdfhU31B0INnCbiyYSWLjorZdz41q0+RHU+341LWAQ"},"_chains":{"BXn4gOzmbm5C5Otx2yB7EgKElloVKtOEQrtWNIaF6a9M":{"chainKey":{"counter":1,"key":"P1dznZvltSHX60PH/aQCFPEMPsGeGepV7pJBhUZj95o="},"chainType":2,"messageKeys":{}},"Be9r7rClqnPhtOdLSP8S64j2rrm5bcsR5Kk1E0BFV1IT":{"chainKey":{"counter":-1,"key":"gPiwOl9SM6WeK20U2ULuX3oGJ41hRm0RnwNyraPNmfA="},"chainType":1,"messageKeys":{}}}}},"version":"v1"}