{"_sessions":{"BXOat1YgNgK4iRaIjD+RjiJ0gTWdh2zPjgQEXQY2D4tm":{"registrationId":1161591211,"currentRatchet":{"ephemeralKeyPair":{"pubKey":"BXlPdIqkPJ4iQeJtZVE60GTA2qrg74RzQ8QUzVvlTXU4","privKey":"IN8utIb9/ALsTDOTd/45O9fHvCamkarBHVkGpqpk7Uo="},"lastRemoteEphemeralKey":"Bc7E7kOkO6mq4VSqFLhHW5Nf/a2fkYqpq3mS5pJW4HR/","previousCounter":0,"rootKey":"8GR2NU4w37p4VOXaMo9uGnAahbOwgvY4RowDA+blCQA="},"indexInfo":{"baseKey":"BXOat1YgNgK4iRaIjD+RjiJ0gTWdh2zPjgQEXQY2D4tm","baseKeyType":2,"closed":-1,"used":1745642503550,"created":1745642503550,"remoteIdentityKey":"BcrIsYlkt/rCqgrOVDkUcFj1A9r+NzIOz1tSJu+V5NEa"},"_chains":{"Bc7E7kOkO6mq4VSqFLhHW5Nf/a2fkYqpq3mS5pJW4HR/":{"chainKey":{"counter":4,"key":"+jTeM/eUDV0UbgD079wCd48UZg5stv3kcduNGHaBeSw="},"chainType":2,"messageKeys":{}},"BXlPdIqkPJ4iQeJtZVE60GTA2qrg74RzQ8QUzVvlTXU4":{"chainKey":{"counter":-1,"key":"VQfCDyGoZJamCHeLSpiaumiUwN61PWX8+XFjFfCMrag="},"chainType":1,"messageKeys":{}}}}},"version":"v1"}