{"_sessions":{"Bc3PXpxy+GRU62Vcf3HNKuhvmsLQcoQMGcXeIfzuJCNa":{"registrationId":311093219,"currentRatchet":{"ephemeralKeyPair":{"pubKey":"BawXLmPRrUguvqAZx7t9Dcy4vOU/EQyUh/Rh0emFjIIP","privKey":"cLJSehPq3Tj0d3PLwZeUrVx5dXieZgiEGX8+eyG3B3c="},"lastRemoteEphemeralKey":"BRSMRSHPsFlowH0MZXb9OodTOHzknaWhhR2uRnkfc40V","previousCounter":0,"rootKey":"//Oq5HsftMCCeX7FmIDNnmEbrqAGICbrxdMuHqJH9Ls="},"indexInfo":{"baseKey":"Bc3PXpxy+GRU62Vcf3HNKuhvmsLQcoQMGcXeIfzuJCNa","baseKeyType":2,"closed":-1,"used":1745642500502,"created":1745642500502,"remoteIdentityKey":"BTvewq5eXfdxSrolBc7IjiDDsiVwKEq2gCng7XRjlN0j"},"_chains":{"BRSMRSHPsFlowH0MZXb9OodTOHzknaWhhR2uRnkfc40V":{"chainKey":{"counter":3,"key":"fGTg6C6x8OEEeFyzfoCtZgoJrmASuKkbSIrQjnLvZJA="},"chainType":2,"messageKeys":{}},"BawXLmPRrUguvqAZx7t9Dcy4vOU/EQyUh/Rh0emFjIIP":{"chainKey":{"counter":-1,"key":"OH9eCMHI0H0uubItmt3udi1S4qNmm/3sFK4XR7IKaic="},"chainType":1,"messageKeys":{}}}}},"version":"v1"}