{"_sessions":{"BXyIehReYIgiXEUTZz8kaEZafqYgEoUoqMgYTFgeSVdn":{"registrationId":1550551907,"currentRatchet":{"ephemeralKeyPair":{"pubKey":"BYod+jEVjxJg1RJWi0n9KuHXYwLADV/X5MY9N2S55fdo","privKey":"ABX/u547d26vIVMKmIobsIC66VIxODGzNmyDIBPMUVA="},"lastRemoteEphemeralKey":"Be8wJ0VFvjEHArPdJwkkUo9Z7gWidteJH/url3yRqspx","previousCounter":0,"rootKey":"CleN1bcjBCpdhDxOfJElpxajIs/nhm63avr74LS7cpY="},"indexInfo":{"baseKey":"BXyIehReYIgiXEUTZz8kaEZafqYgEoUoqMgYTFgeSVdn","baseKeyType":2,"closed":-1,"used":1745643092758,"created":1745643092758,"remoteIdentityKey":"BRiW6Q8aFtIMZSLjS++etWoetfP4CZIzJTCdCThNp3FO"},"_chains":{"Be8wJ0VFvjEHArPdJwkkUo9Z7gWidteJH/url3yRqspx":{"chainKey":{"counter":0,"key":"Ul22ZQ1001ViMp//PC5kbpuOmHnpSOISgnS9VYXs4Q8="},"chainType":2,"messageKeys":{}},"BYod+jEVjxJg1RJWi0n9KuHXYwLADV/X5MY9N2S55fdo":{"chainKey":{"counter":-1,"key":"9AAqWnbTEK56yRk6AZvGd5kIqHMvOq6GIO2IAxLGnms="},"chainType":1,"messageKeys":{}}}}},"version":"v1"}