{"_sessions":{"BeiWfbxLdVXXSsbxCFO+LvbislM+tMA+O02Yvx78Q3hw":{"registrationId":559116908,"currentRatchet":{"ephemeralKeyPair":{"pubKey":"BaDK7MGr8UKDOIuJDDyStbwwiSgCu9Zibop9NDeDK8wK","privKey":"wCbd2HtZ/PVkBK0XgNvCd9YLn/ZoNxIMACFTfYJTsHo="},"lastRemoteEphemeralKey":"BUzHr7Wrxx6M76WbLVhym5xBAWHdAi6ZWW41LdoRitN1","previousCounter":0,"rootKey":"M7vl5AYDFDwQPHzosRSDzl+g9sKQkku28yL5o1/Ybf0="},"indexInfo":{"baseKey":"BeiWfbxLdVXXSsbxCFO+LvbislM+tMA+O02Yvx78Q3hw","baseKeyType":2,"closed":-1,"used":1745642502254,"created":1745642502254,"remoteIdentityKey":"BVbDwgIneVst7zbgtHiSy4cVEf87w2VkOO5qDEVGLaMX"},"_chains":{"BUzHr7Wrxx6M76WbLVhym5xBAWHdAi6ZWW41LdoRitN1":{"chainKey":{"counter":0,"key":"Ju8cx8y272GBnqlLDF3ELZdXAttfbQhZ0mMI9P1VYPQ="},"chainType":2,"messageKeys":{}},"BaDK7MGr8UKDOIuJDDyStbwwiSgCu9Zibop9NDeDK8wK":{"chainKey":{"counter":-1,"key":"0Xo9uQok5bHF4lDhEM7omhCyA4dJcHEfRfCVJtRJg9I="},"chainType":1,"messageKeys":{}}}}},"version":"v1"}