{"_sessions":{"BeDzPbwLqrvPkqKYOI1SfyIxVEEd8oX7MoRV3nNuDAkv":{"registrationId":1888803926,"currentRatchet":{"ephemeralKeyPair":{"pubKey":"BYhb5p2BruudfHMg1s1pK226lGOUSMuV/AnO2NJiRq4Z","privKey":"eDAGEwQuAROg5SN37l3sNjKRR0bh8y065YA1foOrT24="},"lastRemoteEphemeralKey":"BXp3XyT3sPJ+7DLtI7gtIk0jLvDukeLJxiq3KCtQlEYK","previousCounter":0,"rootKey":"s07gHJl6bd4j43TFirtLiuEfvXlAp+lY/7+DdzzY/Q8="},"indexInfo":{"baseKey":"BeDzPbwLqrvPkqKYOI1SfyIxVEEd8oX7MoRV3nNuDAkv","baseKeyType":2,"closed":-1,"used":1745639084525,"created":1745639084525,"remoteIdentityKey":"BfHlpUl/tnCU5kWyscVX1vflNwQdyTW5rdWpcUc30MJo"},"_chains":{"BXp3XyT3sPJ+7DLtI7gtIk0jLvDukeLJxiq3KCtQlEYK":{"chainKey":{"counter":0,"key":"BnOFDDy7dyuKESbagdeuS8aaDovUTzYRzD4ulFyouXA="},"chainType":2,"messageKeys":{}},"BYhb5p2BruudfHMg1s1pK226lGOUSMuV/AnO2NJiRq4Z":{"chainKey":{"counter":-1,"key":"I4uad03AYO3dpeRb+YscWDmuiqUTwFbUh38zOnx2yXg="},"chainType":1,"messageKeys":{}}}}},"version":"v1"}