{"_sessions":{"BT6hBGfLAF5nw6caAH29Wc+m5fSjuKnc0BzP0h8Vm5sk":{"registrationId":1145709113,"currentRatchet":{"ephemeralKeyPair":{"pubKey":"Bc4bH6h+GOt7Ts+dlkDjJJKExM+tC4rXlYlSRw/Dke48","privKey":"MF3LDBRGtolUMmj6Vn2sY2mJyBsDQwvcBzHHqj1qC3U="},"lastRemoteEphemeralKey":"BeUzCN5RLH3j9IbOmOIlSrxKjeNVhgTw9sM6To57LuZu","previousCounter":0,"rootKey":"Ebl0lJshL76h8WmNv8HspWAWQVk5ycS7hcVJn8w78Xw="},"indexInfo":{"baseKey":"BT6hBGfLAF5nw6caAH29Wc+m5fSjuKnc0BzP0h8Vm5sk","baseKeyType":2,"closed":-1,"used":1745642501490,"created":1745642501490,"remoteIdentityKey":"BWe8E0RbL4RNy/wuNIhYWXC/UcVMf8ETc+vmM+DONd54"},"_chains":{"BeUzCN5RLH3j9IbOmOIlSrxKjeNVhgTw9sM6To57LuZu":{"chainKey":{"counter":6,"key":"cwNdWwMSU51h1gAgw5dRRuCfYOGsc7GKy1dlMOX0gx8="},"chainType":2,"messageKeys":{}},"Bc4bH6h+GOt7Ts+dlkDjJJKExM+tC4rXlYlSRw/Dke48":{"chainKey":{"counter":-1,"key":"6iNac80BcxUf6s/8z2nJEYyKrxtTSZhNzEavKoc7BF4="},"chainType":1,"messageKeys":{}}}}},"version":"v1"}