{"_sessions":{"BWUOhpbtHBp9XSiE+M5xqdbMb/RsEsisikq532Z+dVAJ":{"registrationId":1601076693,"currentRatchet":{"ephemeralKeyPair":{"pubKey":"BVhfiF9qwYG306jn59pVT5M1RFrSga9r7lK/Ui5+XI1+","privKey":"wFFBhI531CF8FPx4aFH9oCVpzjv21o6oNMxE/SJiXnE="},"lastRemoteEphemeralKey":"BbwHuFaznRm8rYCAWZ7tVMSb1zeGvU9vmyyqF0EMunlC","previousCounter":0,"rootKey":"eZ7oFT8K2hY8oWtOvsH3Yl4/R+vph3fknkJOW3WENnM="},"indexInfo":{"baseKey":"BWUOhpbtHBp9XSiE+M5xqdbMb/RsEsisikq532Z+dVAJ","baseKeyType":2,"closed":-1,"used":1745638162221,"created":1745638162221,"remoteIdentityKey":"Basmlawxz3cFYAMTAJ3n3jHqdU3i2UvqKt+z1mVVTO1b"},"_chains":{"BbwHuFaznRm8rYCAWZ7tVMSb1zeGvU9vmyyqF0EMunlC":{"chainKey":{"counter":1,"key":"9NL1AvVSpe6BUq/vf+qAia9j4sVrxUbOdYjAusIYWiM="},"chainType":2,"messageKeys":{}},"BVhfiF9qwYG306jn59pVT5M1RFrSga9r7lK/Ui5+XI1+":{"chainKey":{"counter":-1,"key":"koQlS4+OtvoJo+e/2AQBps3Uum7a+1IlntbFy+MCDiw="},"chainType":1,"messageKeys":{}}}}},"version":"v1"}