{"_sessions":{"BVO8Vh5dZH3o3ksGeZ1m0c9izK0tswEC5xQthG2VvBtG":{"registrationId":2098144521,"currentRatchet":{"ephemeralKeyPair":{"pubKey":"BTCLxMiUAYp6OHFAYNSoZiKxOQOSLp28CjRRrH4wLLBA","privKey":"2II/RBm5aq9YBCV9n38dUy+KXYblqDfk5YiJ0bdlwVY="},"lastRemoteEphemeralKey":"BeMTVd01m2o1z7DIfjd2yD9o0CIiXLGC58/zfhtYzloa","previousCounter":0,"rootKey":"KRiDmRpmxcI/mNy9S0NGwE6Bq5BQbNksa32avoXKh5c="},"indexInfo":{"baseKey":"BVO8Vh5dZH3o3ksGeZ1m0c9izK0tswEC5xQthG2VvBtG","baseKeyType":2,"closed":-1,"used":1745642500080,"created":1745642500080,"remoteIdentityKey":"BX9zsk8HhISAAtRTmmmddI6d5ZkNU6ONV/Vh8rvpEwBO"},"_chains":{"BeMTVd01m2o1z7DIfjd2yD9o0CIiXLGC58/zfhtYzloa":{"chainKey":{"counter":0,"key":"WG5Xj3f6qM23MrZQIADJSL8qIFlbgMGu21cox14jN9s="},"chainType":2,"messageKeys":{}},"BTCLxMiUAYp6OHFAYNSoZiKxOQOSLp28CjRRrH4wLLBA":{"chainKey":{"counter":-1,"key":"T0AtCCUJaRb/ZZOC2+FfPQQyTaha0FwCkVX60rSweHY="},"chainType":1,"messageKeys":{}}}}},"version":"v1"}