{"_sessions":{"Bcep/kM06+IcdbovJXxFVuxeA1sSEs3E4uqndWPemwJT":{"registrationId":1041329465,"currentRatchet":{"ephemeralKeyPair":{"pubKey":"Beh7PX/6vWq9OdUsARuYoWhjtZANGRSpSZDLNJFvigJP","privKey":"yDZeSlpVvC0LewvTzDTvS118BxTGYdETDbnxk6ZRVFI="},"lastRemoteEphemeralKey":"Bbfpbj7R152xPu3yG+vFQUW3EAi7sIDdCrN9eA+pzCkk","previousCounter":0,"rootKey":"LhZFU0ZJB+O7R5Jlna6bdpF3tNUnBjiWRHTbuKp9lC8="},"indexInfo":{"baseKey":"Bcep/kM06+IcdbovJXxFVuxeA1sSEs3E4uqndWPemwJT","baseKeyType":2,"closed":-1,"used":1745642505109,"created":1745642505109,"remoteIdentityKey":"BaDAl7k1cHRyBRMmv0lT2xZA6N2aD32y78+FNwD0uXpY"},"_chains":{"Bbfpbj7R152xPu3yG+vFQUW3EAi7sIDdCrN9eA+pzCkk":{"chainKey":{"counter":3,"key":"Knb3XW+pXLe+97SBvPj60yhu0zMa+5OjnqhocBmWvY8="},"chainType":2,"messageKeys":{}},"Beh7PX/6vWq9OdUsARuYoWhjtZANGRSpSZDLNJFvigJP":{"chainKey":{"counter":-1,"key":"YF5hg2RGfpxzLjKbXH82dSmdSCNCd5iYlRcRLLqCIVY="},"chainType":1,"messageKeys":{}}}}},"version":"v1"}