{"_sessions":{"BeUPGvraAPdrxEGN32I+9g0nMtKMqeBa/Q/YS2Fu3S9J":{"registrationId":830879742,"currentRatchet":{"ephemeralKeyPair":{"pubKey":"BTisX/c4LtHaHCNE7/ZP6jIIgD2QwcPZ52mD6/EQQBke","privKey":"UF20Shq//cqd2uystgtr+Y4h/W8pBIVQOTzVaDEbg3A="},"lastRemoteEphemeralKey":"BZdHKQXuijJC1AtPobG1chUtGyJCc8Tm8XN8LFmdgdkj","previousCounter":0,"rootKey":"u0zzfF3bw5BWSRgrATiAYd9KfUZ/uEsrYDdx9P0NoKo="},"indexInfo":{"baseKey":"BeUPGvraAPdrxEGN32I+9g0nMtKMqeBa/Q/YS2Fu3S9J","baseKeyType":2,"closed":-1,"used":1745642499887,"created":1745642499887,"remoteIdentityKey":"BXi+OzCsWw/RGBCbBsBJRWlfMkRCMXqaaWjs9de6fBNm"},"_chains":{"BZdHKQXuijJC1AtPobG1chUtGyJCc8Tm8XN8LFmdgdkj":{"chainKey":{"counter":0,"key":"IiGbV4of4wLNU0Fzhu3ucD85jvYNE+jVyXLAsN05YKo="},"chainType":2,"messageKeys":{}},"BTisX/c4LtHaHCNE7/ZP6jIIgD2QwcPZ52mD6/EQQBke":{"chainKey":{"counter":-1,"key":"IEJSXtD9mmxFBvbMw9BglewarIAbJ6D1ZxKLI8BHxgo="},"chainType":1,"messageKeys":{}}}}},"version":"v1"}