{"_sessions":{"BVW47FFO5T1amhF/Q9gabxLRLP21izvnxl5MyU5/UmJ0":{"registrationId":711249217,"currentRatchet":{"ephemeralKeyPair":{"pubKey":"Bf58OVhU7mDbu62aAKUksGL5vJKIhOe5VXMvWzxNl1lf","privKey":"GIyNvqLwvwd3dpLbhWi5UsU6OPTuhERr0/tA3jEvvWg="},"lastRemoteEphemeralKey":"BW4SZweKwAL9rKpjzDpUh6LYKD48w2803LT/+hB5zP99","previousCounter":0,"rootKey":"/sNv2VKR998xFSgygoyisSbiLybEskFQ3jL9vmXGmd4="},"indexInfo":{"baseKey":"BVW47FFO5T1amhF/Q9gabxLRLP21izvnxl5MyU5/UmJ0","baseKeyType":2,"closed":-1,"used":1745638047465,"created":1745638047465,"remoteIdentityKey":"BeKnThr1A7xXKkPVI+NwAnY+p+k8UEhk5J6SxfaiRnhi"},"_chains":{"BW4SZweKwAL9rKpjzDpUh6LYKD48w2803LT/+hB5zP99":{"chainKey":{"counter":0,"key":"ImcU+psHbF29GYxLEfudPJ56g7ZmcvLHcLC6R0J51TA="},"chainType":2,"messageKeys":{}},"Bf58OVhU7mDbu62aAKUksGL5vJKIhOe5VXMvWzxNl1lf":{"chainKey":{"counter":-1,"key":"Kqiikr+jnjTfwSakrbdSIJbqtydcwGQxEEPIF1Lqphg="},"chainType":1,"messageKeys":{}}}}},"version":"v1"}