{"_sessions":{"BQDLSvNG5BkeWwdcYWkON6uOiIL9UDN2nu4N/wgmTA57":{"registrationId":1526368279,"currentRatchet":{"ephemeralKeyPair":{"pubKey":"BUWdGJIOdJiyT22dtGb4vjgcOXUzvAvkDvAoNjnuWHM0","privKey":"CDWxdnQJXxkVsRc+3B8nAY1BFa47U2mzonjctuqFZUw="},"lastRemoteEphemeralKey":"BZ5+rsYngLAtIkDI9wVQ1aiplgz1alr2ld83Pqdf8IQz","previousCounter":0,"rootKey":"vVcdm61P5bkxb4BzGC/vXE9/TzFdwCbM2CQXBdJmW+Q="},"indexInfo":{"baseKey":"BQDLSvNG5BkeWwdcYWkON6uOiIL9UDN2nu4N/wgmTA57","baseKeyType":2,"closed":-1,"used":1745638285234,"created":1745638285234,"remoteIdentityKey":"BQ+/mWwOFHfqK9VDZ3/cn+IKyYKOha7RAlJyTzLUUwEC"},"_chains":{"BZ5+rsYngLAtIkDI9wVQ1aiplgz1alr2ld83Pqdf8IQz":{"chainKey":{"counter":4,"key":"NvgW7zolf3EFhfAiSfK9dwDWXwz+vWg0BQFsrtwwPEc="},"chainType":2,"messageKeys":{}},"BUWdGJIOdJiyT22dtGb4vjgcOXUzvAvkDvAoNjnuWHM0":{"chainKey":{"counter":-1,"key":"iKJ+rwUa2su3f/nt7CRpol+ee91qi0vaajrOrL6/o8A="},"chainType":1,"messageKeys":{}}}}},"version":"v1"}