{"_sessions":{"Bc3uhuLdqUA9r7QHILlRIqNXLE2LPZgFSYBXDDZ1jBgk":{"registrationId":1597813205,"currentRatchet":{"ephemeralKeyPair":{"pubKey":"BecN1O7HsUgngtuYLLQASSy2aXkvgm919yGbyqKegP1p","privKey":"OKTftNM4tPBTo8ylTXbzTm3SU77r6V61fwwL6gOS6FI="},"lastRemoteEphemeralKey":"BWE92Pf/gyqkRfmu5Fq23Icbg2meET41fecUXA2nZIsz","previousCounter":0,"rootKey":"MA/eUlMqqHfILZeQmnb1jQ5dvpruKzGKPaqfMoYqb4g="},"indexInfo":{"baseKey":"Bc3uhuLdqUA9r7QHILlRIqNXLE2LPZgFSYBXDDZ1jBgk","baseKeyType":2,"closed":-1,"used":1745638588851,"created":1745638588851,"remoteIdentityKey":"BWlzyp0yvsnPVMQJdTn+uaj6da7kEfvHYd+5zyKFH359"},"_chains":{"BWE92Pf/gyqkRfmu5Fq23Icbg2meET41fecUXA2nZIsz":{"chainKey":{"counter":0,"key":"9LB2CsZ90L7RRaqI9Ok1FrNrNJ1x5gBJjkaqMSQdrcg="},"chainType":2,"messageKeys":{}},"BecN1O7HsUgngtuYLLQASSy2aXkvgm919yGbyqKegP1p":{"chainKey":{"counter":-1,"key":"OyKsnGCsdLFh6DWdj658lVkecVLPP3qYop7qFpuvT3c="},"chainType":1,"messageKeys":{}}}}},"version":"v1"}