{"_sessions":{"BSSk/SxS1JWUhajAeZrrrJrpYlAq0mgKrND7QXPQeOxF":{"registrationId":1650755304,"currentRatchet":{"ephemeralKeyPair":{"pubKey":"BaYeo9eREsKzSjZjVR2HH/5WH+WRlRz5mX5rlbPwR0h8","privKey":"OKh2RjoYN/UPh3EkhKHevkPjL/sObYXbfDV+W7ILhHw="},"lastRemoteEphemeralKey":"BQFAD8YrO7YtZmwgg05bdwWaCorDpFqJNghW/CYxEO9k","previousCounter":0,"rootKey":"X/5wbZ6L/e3X7VUxNESykrYwIim+XfSNGd5X1mQX0fU="},"indexInfo":{"baseKey":"BSSk/SxS1JWUhajAeZrrrJrpYlAq0mgKrND7QXPQeOxF","baseKeyType":2,"closed":-1,"used":1745642596349,"created":1745642596349,"remoteIdentityKey":"BdoL1knMYgZtXGfPA/Lwxs6Wquj+hT5LTYNhaPwqJIhA"},"_chains":{"BQFAD8YrO7YtZmwgg05bdwWaCorDpFqJNghW/CYxEO9k":{"chainKey":{"counter":1,"key":"jNmapkW4IaKpq8TNltyKl1TmcJjvqspBM4S+FyVIZC8="},"chainType":2,"messageKeys":{}},"BaYeo9eREsKzSjZjVR2HH/5WH+WRlRz5mX5rlbPwR0h8":{"chainKey":{"counter":-1,"key":"zDF1GYxKqnA4E6Qe+SY6jkNl0LCawUFuZwed/KZEGMI="},"chainType":1,"messageKeys":{}}}}},"version":"v1"}