{"_sessions":{"BQdhSDJw+PMcVxYyEICCGxZQrpWWpLF48tunwQ9iDpko":{"registrationId":1236810463,"currentRatchet":{"ephemeralKeyPair":{"pubKey":"BfeDrD0JxG7O3l1215OzbUd7KIRYyXr4T9psJZSRj3YT","privKey":"uGKFvm55eQC+4h4DQtTShU0FJHjENmR4nN4kZm1ZnUg="},"lastRemoteEphemeralKey":"BcKW/fB3N8Z9+F0zsc+SXVJ8RBYTkah+xhCKSr5s8Vd6","previousCounter":0,"rootKey":"cs46k4OtOH+OX4O3Sb1M73vHSGU87T4j9Rmi/eToppM="},"indexInfo":{"baseKey":"BQdhSDJw+PMcVxYyEICCGxZQrpWWpLF48tunwQ9iDpko","baseKeyType":2,"closed":-1,"used":1745642500000,"created":1745642500000,"remoteIdentityKey":"BSxpHJSwuGnYLktI19r+aW4n07gGK4VSrjC6HL7jrzRF"},"_chains":{"BcKW/fB3N8Z9+F0zsc+SXVJ8RBYTkah+xhCKSr5s8Vd6":{"chainKey":{"counter":2,"key":"L/P9wLwrEUT3XGu1RUcW7z0YuvvzfpkdknB5ichQ+ao="},"chainType":2,"messageKeys":{}},"BfeDrD0JxG7O3l1215OzbUd7KIRYyXr4T9psJZSRj3YT":{"chainKey":{"counter":-1,"key":"FNBu+RTtadaSqPi9n2ie/O7H+35kslZJpNEopwQzdLc="},"chainType":1,"messageKeys":{}}}}},"version":"v1"}