{"_sessions":{"BeXcgYOXcYeDDHEhHDovcz1mViqSrs2yt3DVx/Fu8AtU":{"registrationId":729617355,"currentRatchet":{"ephemeralKeyPair":{"pubKey":"BX1s+PqBYD6R21M0EtfVxmnjEwEBt6dZKRLkSKnGk+NH","privKey":"GLI50WpyZseV3vHzNXY+Fh+fypb/TQ++lEr7yNjmpGw="},"lastRemoteEphemeralKey":"BeQUXQ4UIiKWQzrdNDPopmRDO8fcTfXsaqiBwFdUpKkP","previousCounter":0,"rootKey":"QsB+Cr9GBjBdhXIqbb07wIUsnvw3c0OIh4kZmpnBWVU="},"indexInfo":{"baseKey":"BeXcgYOXcYeDDHEhHDovcz1mViqSrs2yt3DVx/Fu8AtU","baseKeyType":2,"closed":-1,"used":1745638445520,"created":1745638445520,"remoteIdentityKey":"BTIWxfJEzH8tQQCpwScaHAC5z4gdrqjNV6jGj5E6X7cu"},"_chains":{"BeQUXQ4UIiKWQzrdNDPopmRDO8fcTfXsaqiBwFdUpKkP":{"chainKey":{"counter":0,"key":"12N+OCvA0UtBmr+rRYRWVYzxWoUcJ2jfmUEIlRuy1Y4="},"chainType":2,"messageKeys":{}},"BX1s+PqBYD6R21M0EtfVxmnjEwEBt6dZKRLkSKnGk+NH":{"chainKey":{"counter":-1,"key":"aqjj6Y5ozfIousp2JyA7xfS01oCT40Ur5hG4By4oKQ8="},"chainType":1,"messageKeys":{}}}}},"version":"v1"}