{"_sessions":{"BQZXV/RMApQIBNkKgEs6sNr0MQUG8HfCfYZPXk1JQSE0":{"registrationId":333636811,"currentRatchet":{"ephemeralKeyPair":{"pubKey":"BWXc8c1TwTVcAG/UEoEYrbfOqx1/ejB9rt2pf6U//ehc","privKey":"qFiFBhA+SsQPtIz1qeHmtAEZrYx4JfNEgPqtbYIVWGs="},"lastRemoteEphemeralKey":"BU7SknWMshWYGbSU9i1LmxssCnK4AhmKl3qexEhI+PYh","previousCounter":0,"rootKey":"+PVaRQp7KQ4qoCbAzMK5RmVU5/llEA+ksIltAzB2c6Y="},"indexInfo":{"baseKey":"BQZXV/RMApQIBNkKgEs6sNr0MQUG8HfCfYZPXk1JQSE0","baseKeyType":2,"closed":-1,"used":1745638249695,"created":1745638249695,"remoteIdentityKey":"BRd/hmTGY6HKwTi+HjNQsn/IDTsNkbl/LtXCoxo26IMw"},"_chains":{"BU7SknWMshWYGbSU9i1LmxssCnK4AhmKl3qexEhI+PYh":{"chainKey":{"counter":0,"key":"suE9WNw8WBvywtxGr7knM0Bzfrbj2Exh0jmjf7+Tja4="},"chainType":2,"messageKeys":{}},"BWXc8c1TwTVcAG/UEoEYrbfOqx1/ejB9rt2pf6U//ehc":{"chainKey":{"counter":-1,"key":"DARM8ONI9dfNhjd4RjpVCfLcx4mYs5goCktCfejEWGg="},"chainType":1,"messageKeys":{}}}}},"version":"v1"}