{"_sessions":{"BZw5xBQHseyZ0kYWFWQBKLBWsJKRm5FzXyZ2QgDzpp0d":{"registrationId":1881588778,"currentRatchet":{"ephemeralKeyPair":{"pubKey":"BTVgxOND16TBwOvq065bSJtsWhiHVbtNlS8yIY2lKf9H","privKey":"MGb5n3TQfmn2TBxaBrNWJeqMSg8nZ4ncynrRqT+azF8="},"lastRemoteEphemeralKey":"BYflehSTQERCt4MsHT+seUFWgOsiN07cl6MOjWLBuV5w","previousCounter":0,"rootKey":"+cxZEZrVy/yAv2CwvPKVRNO7OWLaJ8rE3Andi31dPTQ="},"indexInfo":{"baseKey":"BZw5xBQHseyZ0kYWFWQBKLBWsJKRm5FzXyZ2QgDzpp0d","baseKeyType":2,"closed":-1,"used":1745642500458,"created":1745642500458,"remoteIdentityKey":"Bc3bZ+KVrkbOopqcMMfPoeAUAAl0YZYTHVjlzeS3EvYb"},"_chains":{"BYflehSTQERCt4MsHT+seUFWgOsiN07cl6MOjWLBuV5w":{"chainKey":{"counter":9,"key":"IqX1cpMG3Cv2vkdHb4m3Uv+7DgDd5bU68C69xR5CY80="},"chainType":2,"messageKeys":{}},"BTVgxOND16TBwOvq065bSJtsWhiHVbtNlS8yIY2lKf9H":{"chainKey":{"counter":-1,"key":"1gRUX8rQFpuq6NbLgXUnapZ+/9vrHQzUM9jI0UrXOOM="},"chainType":1,"messageKeys":{}}}}},"version":"v1"}