{"_sessions":{"BR2xWamUQoklAR0chK1N9DxCok2z63NUjyvxRmoWz3YX":{"registrationId":1065008016,"currentRatchet":{"ephemeralKeyPair":{"pubKey":"BSwOPc62Teayr+tenDlK7xv+5yC2EkyguhIvX9Io7X5z","privKey":"yFlfERLHw+UtvT13iRRYx9KEO/GPjJqoWnoQMkomUmg="},"lastRemoteEphemeralKey":"BQR16t6+GgxBxPLqCSP1DDvjwh6OS5L6lOkX5z82+o8u","previousCounter":0,"rootKey":"UDS+pXYSYxqBa4i502qVFixg44AeYjmF0doee0iY6m8="},"indexInfo":{"baseKey":"BR2xWamUQoklAR0chK1N9DxCok2z63NUjyvxRmoWz3YX","baseKeyType":2,"closed":-1,"used":1745637690813,"created":1745637690813,"remoteIdentityKey":"BWG2nhghgCyoC2FJEIh+eBAcEOleBmQW6bl4f1OuQm5K"},"_chains":{"BQR16t6+GgxBxPLqCSP1DDvjwh6OS5L6lOkX5z82+o8u":{"chainKey":{"counter":3,"key":"s5yfrLpW4CA+jXeVFMe4hVYSxD+c7fuS9JfcGsAxIkY="},"chainType":2,"messageKeys":{}},"BSwOPc62Teayr+tenDlK7xv+5yC2EkyguhIvX9Io7X5z":{"chainKey":{"counter":-1,"key":"w74q9hw+TdiHFS+1pxgQIY4Fo1rraT7gfkGu8rPtEbU="},"chainType":1,"messageKeys":{}}}}},"version":"v1"}