{"_sessions":{"BaQwPQ4Noi28nICzW6hQ1mVD+YqLO8w7D4bYLFOGpdZT":{"registrationId":1351598851,"currentRatchet":{"ephemeralKeyPair":{"pubKey":"BSKg8E0cGvoB/FTu1layxboQwZMWa6z9/NUpkR1Z2KtL","privKey":"iJaQSwQS9XqbNXGfD2Ptijgqieuzbj4Ek40AWFfYV1c="},"lastRemoteEphemeralKey":"Bfj8bUfmy1X7+ZjJYDEA5MktzI8uPMF9L4HIEmWwvc8X","previousCounter":0,"rootKey":"pCUA5HxUj5WlSZ4giBqPFn1mj97a8rGfTtEVPKEPPjE="},"indexInfo":{"baseKey":"BaQwPQ4Noi28nICzW6hQ1mVD+YqLO8w7D4bYLFOGpdZT","baseKeyType":2,"closed":-1,"used":1745642502605,"created":1745642502605,"remoteIdentityKey":"BT3ct6NF7sa480FuIl+uz15ZzkUdxv0DVhfeIW8/+Zh5"},"_chains":{"Bfj8bUfmy1X7+ZjJYDEA5MktzI8uPMF9L4HIEmWwvc8X":{"chainKey":{"counter":1,"key":"xGom0fEKPjptpyBCdI9aK2XoWvFO1DI8BAhvyGAufzM="},"chainType":2,"messageKeys":{}},"BSKg8E0cGvoB/FTu1layxboQwZMWa6z9/NUpkR1Z2KtL":{"chainKey":{"counter":-1,"key":"oDcy+V6kOXSwKHZeRpTSoq9oqZT3+EE/ikHhdLniG7Y="},"chainType":1,"messageKeys":{}}}}},"version":"v1"}