{"_sessions":{"BS3nsheznKJ+E7GksHZoqdmsGiavXgSwOl/w2saRyk9Y":{"registrationId":232434774,"currentRatchet":{"ephemeralKeyPair":{"pubKey":"BfNg+JrW1vM1vL+joEXPg4Xok3F1qZX/5LQCmltQNfxi","privKey":"gP9hClj0qVb75ndSSSTk6uHfuriMcjYpt5uNTqedl0o="},"lastRemoteEphemeralKey":"BeiYDGSXJvwOL02nsu17GbRcF3wt2RfB5R5QFlYDoAZF","previousCounter":0,"rootKey":"DG8KPaPP2XSInn3fE6V0r/vNacL3kB2uvm8c4TL6KI8="},"indexInfo":{"baseKey":"BS3nsheznKJ+E7GksHZoqdmsGiavXgSwOl/w2saRyk9Y","baseKeyType":2,"closed":1745642500708,"used":1745637704992,"created":1745637704992,"remoteIdentityKey":"BShPOsUFB/F+IYebG1ACNWyqRgZnVz7dwFbeEQBLta8u"},"_chains":{"BeiYDGSXJvwOL02nsu17GbRcF3wt2RfB5R5QFlYDoAZF":{"chainKey":{"counter":0,"key":"GrO0lTvE7i9u5aqaDIaS4+aSNDTIvUuiZ8072ojy01s="},"chainType":2,"messageKeys":{}},"BfNg+JrW1vM1vL+joEXPg4Xok3F1qZX/5LQCmltQNfxi":{"chainKey":{"counter":-1,"key":"ajRsDde3Ck60CygS+tiwd6nESEWSVMYrIoYbB3RS1g4="},"chainType":1,"messageKeys":{}}}},"BcJHq+obvuQWQhdmmC6Fy2JceuT6Vq75jGPp96QCGsV2":{"registrationId":232434774,"currentRatchet":{"ephemeralKeyPair":{"pubKey":"BY/20AW9qDko7MnjlQrfpkHOVb/WtJq7u/LNgkAiduEz","privKey":"AKKabhfIieE6TsgR5CQmIDP310wa4cM1VM31ERsQM2o="},"lastRemoteEphemeralKey":"BSHky737zbMmjw/KEGWbT2oMydM9a477CuixN4PbdDdx","previousCounter":0,"rootKey":"1bpIGcOwdJSh+HvfLDRp0OowDwEgJXB2TYXvr97jUn0="},"indexInfo":{"baseKey":"BcJHq+obvuQWQhdmmC6Fy2JceuT6Vq75jGPp96QCGsV2","baseKeyType":2,"closed":-1,"used":1745642500708,"created":1745642500708,"remoteIdentityKey":"BShPOsUFB/F+IYebG1ACNWyqRgZnVz7dwFbeEQBLta8u"},"_chains":{"BSHky737zbMmjw/KEGWbT2oMydM9a477CuixN4PbdDdx":{"chainKey":{"counter":1,"key":"gCp65ADsZVlEvBs/oBwLoUY5PGsknwFBLZvLwqd8OG8="},"chainType":2,"messageKeys":{"0":"B31wqTtsapYATpohURw04qv/fPSUCDqxvMR3PVCwgr8="}},"BY/20AW9qDko7MnjlQrfpkHOVb/WtJq7u/LNgkAiduEz":{"chainKey":{"counter":-1,"key":"+/05IOEUJbVB78CTKd+hgIpwl9gHFVXncdzReDiRbNY="},"chainType":1,"messageKeys":{}}}}},"version":"v1"}