{"_sessions":{"BYK+MFncqZ5f+MHEFKLj2/R/ZYZ+TjsGsBFHV+Z9HaNN":{"registrationId":567752235,"currentRatchet":{"ephemeralKeyPair":{"pubKey":"BUAa651AIrdyYEvePGdQbOnbzAIUY/jbTwuuTSN+dJYS","privKey":"aOcFCNdCwNhGeQNjZLt0dOfpSXgzDCo6RfxTecZTlFQ="},"lastRemoteEphemeralKey":"BXn/tiAPNlqVUYxFiPuerXUVFpmchTBQT3FID6JHRFFa","previousCounter":0,"rootKey":"9OkxWfPms/F8XP3MAvPxnsfJ979RTsZoTtTa01QZi5I="},"indexInfo":{"baseKey":"BYK+MFncqZ5f+MHEFKLj2/R/ZYZ+TjsGsBFHV+Z9HaNN","baseKeyType":2,"closed":-1,"used":1745637667856,"created":1745637667856,"remoteIdentityKey":"BRl7Auw1QnLx8S7Yr0530r0r1ve2npqsinN9LsKAqN9W"},"_chains":{"BXn/tiAPNlqVUYxFiPuerXUVFpmchTBQT3FID6JHRFFa":{"chainKey":{"counter":10,"key":"Glxm8uuPejvfKARhBv/Om4AP7q7MzRs1FYczBlAz0bM="},"chainType":2,"messageKeys":{}},"BUAa651AIrdyYEvePGdQbOnbzAIUY/jbTwuuTSN+dJYS":{"chainKey":{"counter":-1,"key":"kNG4WKEN3X0J7V/yeem6raNt08l1ZJ0Rq/AwiFpmqGs="},"chainType":1,"messageKeys":{}}}}},"version":"v1"}