{"_sessions":{"BXQjaHceX2zyOhjNBLSra8S02wHdFCbfZMSnFKU+fQ9P":{"registrationId":1248003203,"currentRatchet":{"ephemeralKeyPair":{"pubKey":"BS4/4rCHBa1wA1G1dhgKkJ56RksHWPh0d4en4qCUqxch","privKey":"oLkBr68HVZkLuIrAHlwI3jrydRFww3Lcza2xl51w82g="},"lastRemoteEphemeralKey":"BVwv0a7YaRj5M45jBrovSh6IbGO3azNCASfKMjLbk/cU","previousCounter":0,"rootKey":"vG0+Uf4XlfaomMXQ7F+O26VPAErPLKplaZPXrDCqU58="},"indexInfo":{"baseKey":"BXQjaHceX2zyOhjNBLSra8S02wHdFCbfZMSnFKU+fQ9P","baseKeyType":2,"closed":-1,"used":1745638055073,"created":1745638055073,"remoteIdentityKey":"BTL6nDGfvyP8K0Gdh4CTRL356QW0THFzu1OIjYR93QFu"},"_chains":{"BVwv0a7YaRj5M45jBrovSh6IbGO3azNCASfKMjLbk/cU":{"chainKey":{"counter":0,"key":"pwZrXGf9n0o8xUC/DCXri7ri2BspyulFuU1+uZGixPk="},"chainType":2,"messageKeys":{}},"BS4/4rCHBa1wA1G1dhgKkJ56RksHWPh0d4en4qCUqxch":{"chainKey":{"counter":-1,"key":"lGzyr45xulBmqxbv3AUAO6UmKk6oYDSRv+iFeR68UE4="},"chainType":1,"messageKeys":{}}}}},"version":"v1"}