{"_sessions":{"BfnYhNELrlpH1cHTccvmNvo2Wy4TsOj2jYO5JPcxZvs6":{"registrationId":257015826,"currentRatchet":{"ephemeralKeyPair":{"pubKey":"BYNBoX9YJ6p2ksch/gy1P9PiK7moyJ+EqUtr1u5wBNQc","privKey":"cHHJ/RcVhh1lpjPJv9G8q5LT3JGLKEL508eRstyXN1c="},"lastRemoteEphemeralKey":"BfzVMbeLzvRjA4OQvz+Z64wNnGD0CHKNgCMyF7bv+wR7","previousCounter":0,"rootKey":"wFK/0gydX3uRJ+RcIRGw0NO2WxtJUfymQk1f2HHZWls="},"indexInfo":{"baseKey":"BfnYhNELrlpH1cHTccvmNvo2Wy4TsOj2jYO5JPcxZvs6","baseKeyType":2,"closed":-1,"used":1745642505010,"created":1745642505010,"remoteIdentityKey":"BYUIIDpUd7pxsbQb7AJYi8BOCgSwxURtMUDIntUDhgl7"},"_chains":{"BfzVMbeLzvRjA4OQvz+Z64wNnGD0CHKNgCMyF7bv+wR7":{"chainKey":{"counter":0,"key":"yNkSKQhmAXnH8HpYDRkjkP9PiDnuTnTFcTFY7ze7wYE="},"chainType":2,"messageKeys":{}},"BYNBoX9YJ6p2ksch/gy1P9PiK7moyJ+EqUtr1u5wBNQc":{"chainKey":{"counter":-1,"key":"n0XH+EAfF8Bb+GSNUORf33W0wC/6DAtv17Z4xK01IO4="},"chainType":1,"messageKeys":{}}}}},"version":"v1"}