{"_sessions":{"BVqzwzUxx6azCiHe5D6uFu6hGJyWk5XAoGr3Tr9W9ZYJ":{"registrationId":1342748704,"currentRatchet":{"ephemeralKeyPair":{"pubKey":"BSirhMGHlMStKpzGeVURaEK4cBPwT0F4oFfFdBpgDUwG","privKey":"wBbA5gv6OkAQNgzWfTEpDcANwCiGvfPkDA1iezpBWlo="},"lastRemoteEphemeralKey":"BQyzen+abpzDmVJtOIsQpfKac1Tb+AvBN3PpFSQtmw45","previousCounter":0,"rootKey":"MVfXeDKdmMvOffLCeXw7fcVqAgLaoavQyacfvgV5C8s="},"indexInfo":{"baseKey":"BVqzwzUxx6azCiHe5D6uFu6hGJyWk5XAoGr3Tr9W9ZYJ","baseKeyType":2,"closed":-1,"used":1745642502003,"created":1745642502003,"remoteIdentityKey":"BR2ZYkBVVQQSY2VQc7l7ppted/qLIvdVPcm8nfOA0y8d"},"_chains":{"BQyzen+abpzDmVJtOIsQpfKac1Tb+AvBN3PpFSQtmw45":{"chainKey":{"counter":1,"key":"THC65uQntuBfyqZ7qJ4/RnO7a7h9/CaGZUOHzoAkSLs="},"chainType":2,"messageKeys":{}},"BSirhMGHlMStKpzGeVURaEK4cBPwT0F4oFfFdBpgDUwG":{"chainKey":{"counter":-1,"key":"xKNArtK0Mr6Jdyle9slhBA0iSMcwOPrqA+qx2hSgPS8="},"chainType":1,"messageKeys":{}}}}},"version":"v1"}