{"_sessions":{"BWJz3M6gGEs3xKnO6Ht+hamV517hfzB9+61Mo3Q5BWhH":{"registrationId":1727498932,"currentRatchet":{"ephemeralKeyPair":{"pubKey":"BROoMG9Ib7gfjQx5Y2fhNVK7NO5tgQ/qb2+dRDOOM/EN","privKey":"sLC+PiG6eIbPpoxV57WGq9TaYG7Av4LnxfqUozaATGA="},"lastRemoteEphemeralKey":"BfIJk6gXNhCdSYgn18kbEhEQsgfxCPADjKaHULkdfyJN","previousCounter":0,"rootKey":"KLU4c6C3OdMkiucep6lss0T/HqcowrEr7yfBX6pbgcM="},"indexInfo":{"baseKey":"BWJz3M6gGEs3xKnO6Ht+hamV517hfzB9+61Mo3Q5BWhH","baseKeyType":2,"closed":-1,"used":1745642504996,"created":1745642504996,"remoteIdentityKey":"BdOx2oxsrgmj2+xbwAIS4COh+EjHLxljQZUC9++1v/93"},"_chains":{"BfIJk6gXNhCdSYgn18kbEhEQsgfxCPADjKaHULkdfyJN":{"chainKey":{"counter":0,"key":"xpEciOr9am/oLtNV/0VcsIAlVO6Asat4DlIqlD9n2Uc="},"chainType":2,"messageKeys":{}},"BROoMG9Ib7gfjQx5Y2fhNVK7NO5tgQ/qb2+dRDOOM/EN":{"chainKey":{"counter":-1,"key":"N6yA8kuVcw1HSjT7WmvaPobjRMy9Zt0qPVa1nqLdO2I="},"chainType":1,"messageKeys":{}}}}},"version":"v1"}