{"_sessions":{"BSaP8XCeAAHmAfZpTtSiY8BaMYGIhVKso38c6iaEgd8z":{"registrationId":20032404,"currentRatchet":{"ephemeralKeyPair":{"pubKey":"BeaBJ6U7oRi5r5IsjFyce5U7SCTVTLNzl73txHNWludo","privKey":"kPTMIkoqA11n5g0PTQ123gXDWZKMgQjsCmLSViYzLFg="},"lastRemoteEphemeralKey":"BeHBCc/o1fgVwq8kNgczj8raih8zQTfu6MbmbdSfLSUj","previousCounter":0,"rootKey":"0N09ZfYBrxXYZAht+mnpG3owufgU0YPlm0qXa/Uz+1g="},"indexInfo":{"baseKey":"BSaP8XCeAAHmAfZpTtSiY8BaMYGIhVKso38c6iaEgd8z","baseKeyType":2,"closed":-1,"used":1745642502584,"created":1745642502584,"remoteIdentityKey":"BUS3aWHTTJyZjIxV9T7yfz0ALKufBNzGRVjnR5MuE9xs"},"_chains":{"BeHBCc/o1fgVwq8kNgczj8raih8zQTfu6MbmbdSfLSUj":{"chainKey":{"counter":0,"key":"75+xbfILnNB3qYfmbw/hS2g5TK/LP1IHyJBSoR7SAxc="},"chainType":2,"messageKeys":{}},"BeaBJ6U7oRi5r5IsjFyce5U7SCTVTLNzl73txHNWludo":{"chainKey":{"counter":-1,"key":"e2tsNX0AMxvm1xfXycaXLN7KSp5rsQCqHfRz9n7rY5c="},"chainType":1,"messageKeys":{}}}}},"version":"v1"}