{"_sessions":{"BSgJWsro+QUnuOsMTcjgP+X/yJcWrXmPW/n91lnvKL9y":{"registrationId":829683589,"currentRatchet":{"ephemeralKeyPair":{"pubKey":"BdgS4HN4/11hzMAENJOkw72nOUvQ/oTThzw7BH7o+vBI","privKey":"0Noy5gjJzs7TkIBW5QtOq1U64facRoVVAxdxdChsm18="},"lastRemoteEphemeralKey":"Bf/ZCjmVTZRUdZNbwOI2ltW/gWychs3YDt4AUXJJWI8+","previousCounter":0,"rootKey":"0K9mfrVK7PbPj1UeeASADGOc8TSiATE3RZtLNQgecsk="},"indexInfo":{"baseKey":"BSgJWsro+QUnuOsMTcjgP+X/yJcWrXmPW/n91lnvKL9y","baseKeyType":2,"closed":-1,"used":1745642500974,"created":1745642500974,"remoteIdentityKey":"BcRAMEMWRekJOwY7GgP1XQZrY3yq7sPsQVqYbel8gx9l"},"_chains":{"Bf/ZCjmVTZRUdZNbwOI2ltW/gWychs3YDt4AUXJJWI8+":{"chainKey":{"counter":0,"key":"kU5ngpvUi/8/oESUF4/h+iS7xc0/lIODCuqs67+SHls="},"chainType":2,"messageKeys":{}},"BdgS4HN4/11hzMAENJOkw72nOUvQ/oTThzw7BH7o+vBI":{"chainKey":{"counter":-1,"key":"tI1i+uGSKb7wn4Hiqgmxqv2c1Vqt/RPBiUmAmHTdDJA="},"chainType":1,"messageKeys":{}}}}},"version":"v1"}