{"_sessions":{"BdpHxfaTlti6ixhr2lJo7d3PLEZX5RvtohVqb4tCRU9G":{"registrationId":378536250,"currentRatchet":{"ephemeralKeyPair":{"pubKey":"BaVnnXu4rEC8Ejnkal3Y9TqrvSOMX9PcYx0Ze7mR4sAL","privKey":"EGw5+ehlMR7WqP6PEJGeePd3ov9YPY0k9GXV4tO7qmk="},"lastRemoteEphemeralKey":"BRurT9rA4Od39hKGAXNu28gJ0pgaYkGsxNSngXdkhd9V","previousCounter":0,"rootKey":"wGLv0x20Gn6HDi6St6VVRuY8cZpHfd3EhGExckd+L0I="},"indexInfo":{"baseKey":"BdpHxfaTlti6ixhr2lJo7d3PLEZX5RvtohVqb4tCRU9G","baseKeyType":2,"closed":-1,"used":1745642504449,"created":1745642504449,"remoteIdentityKey":"BS//eoXLDpkO7lJ+uSMr5W2zk5m5B9G9QAVeT8YuiKk2"},"_chains":{"BRurT9rA4Od39hKGAXNu28gJ0pgaYkGsxNSngXdkhd9V":{"chainKey":{"counter":0,"key":"NFHCfsMrReS0szHS4LXDiY4zCgXabnseVpG1KCFxR6o="},"chainType":2,"messageKeys":{}},"BaVnnXu4rEC8Ejnkal3Y9TqrvSOMX9PcYx0Ze7mR4sAL":{"chainKey":{"counter":-1,"key":"zvu1sLPZIzEnRbEF4utq1nGjR7WtH5OixNZDVk/sx0c="},"chainType":1,"messageKeys":{}}}}},"version":"v1"}