{"_sessions":{"BaXhaOsKfmtm8cTp+42DUGfISk2QzMfHymAuO0+vpUs5":{"registrationId":2022757322,"currentRatchet":{"ephemeralKeyPair":{"pubKey":"Bbav1vLPUJGtd4YhneKC1fTvwVIKX2CkUqrWMbN/zoUN","privKey":"4GyyvLoROH1wbfIh1mYrZg6BAq/u8W58aWE/fIcCnXQ="},"lastRemoteEphemeralKey":"BYCrx97fsvw9K8Izkga3lxLwk0vb+x/JsBdUYyzY8qs8","previousCounter":0,"rootKey":"f2HnC479XULs9kVcpbqC0FPwaH4pS0x7KrKbcMbwGz4="},"indexInfo":{"baseKey":"BaXhaOsKfmtm8cTp+42DUGfISk2QzMfHymAuO0+vpUs5","baseKeyType":2,"closed":-1,"used":1745638363015,"created":1745638363015,"remoteIdentityKey":"BVORUFoTTRr/GCLJhHL/ivsgNlNkBQA1tXj+lEsIw31Z"},"_chains":{"BYCrx97fsvw9K8Izkga3lxLwk0vb+x/JsBdUYyzY8qs8":{"chainKey":{"counter":0,"key":"fcIsqFhQsnn4eYr+/rTBfLvqH6vFtr5PdDgSv5VxU94="},"chainType":2,"messageKeys":{}},"Bbav1vLPUJGtd4YhneKC1fTvwVIKX2CkUqrWMbN/zoUN":{"chainKey":{"counter":-1,"key":"aFNJ4LLFSwv0Z+V3sC5Goank7CqhAJDa0GbMvANPAVU="},"chainType":1,"messageKeys":{}}}}},"version":"v1"}