{"_sessions":{"BTzquQBf8ecTI6DTxcJAhvn5npmeIdX/t/YGZ8awh6Bi":{"registrationId":2014498177,"currentRatchet":{"ephemeralKeyPair":{"pubKey":"BQC15MpAC/7sszeEBod3GyiD3cWgC+gKkF66WXv1rugK","privKey":"ePB9RrIBN5wq8ASb6xQZcMmlNMNWLn78rGA2omSrgFk="},"lastRemoteEphemeralKey":"BRg/Hj8NSIj7iiupQDGtA/6RCT1QvCJxmKDrOF6xRHt9","previousCounter":0,"rootKey":"D9m6IyKTSpVrL1tFvVigff6nbrGb7U0RnIhs9pCKVyY="},"indexInfo":{"baseKey":"BTzquQBf8ecTI6DTxcJAhvn5npmeIdX/t/YGZ8awh6Bi","baseKeyType":2,"closed":-1,"used":1745642502404,"created":1745642502404,"remoteIdentityKey":"BYhSsv+rh/RZ8i61R58DTZJYTDhkhkVYxJudtYPx4P5/"},"_chains":{"BRg/Hj8NSIj7iiupQDGtA/6RCT1QvCJxmKDrOF6xRHt9":{"chainKey":{"counter":0,"key":"eMJDrq/J8kd5Fy7dkA4vchGMKHXpOrtwaNH8YP4e/2o="},"chainType":2,"messageKeys":{}},"BQC15MpAC/7sszeEBod3GyiD3cWgC+gKkF66WXv1rugK":{"chainKey":{"counter":-1,"key":"1lglYYxojOpFd4jMm2YysKhnO9arDpE/enIJvi6aZ8Q="},"chainType":1,"messageKeys":{}}}}},"version":"v1"}