{"_sessions":{"BYd9JSo0il1lNmpXhm5isGtPHE4yiBhbJeWqZiU7BTke":{"registrationId":1840284616,"currentRatchet":{"ephemeralKeyPair":{"pubKey":"BfW/2rRyOOPM2Qnudv9ou8O7RkzsnW3c5xYfG4XkY01R","privKey":"mLLxu6jxndt+BdsK7zaG0kUYBtCVFmIvZWrpSGmQFFY="},"lastRemoteEphemeralKey":"BWQkLg/UuedTb9EEF0JSBxFTTjfIir8t0zPCeVJ7FMRT","previousCounter":0,"rootKey":"OphrnD7QYQJWIf5Q6b8X2DGvm+HBSjEx5nS4uhvruCE="},"indexInfo":{"baseKey":"BYd9JSo0il1lNmpXhm5isGtPHE4yiBhbJeWqZiU7BTke","baseKeyType":2,"closed":-1,"used":1745642499713,"created":1745642499713,"remoteIdentityKey":"BdZ+GRX689cjhnXR72PMtFkVo/pyJHguyAKhpgdR1FQA"},"_chains":{"BWQkLg/UuedTb9EEF0JSBxFTTjfIir8t0zPCeVJ7FMRT":{"chainKey":{"counter":2,"key":"293a/318pOIjUQPkIeDRyfYCKYZIMvyyT9D0s58tBgk="},"chainType":2,"messageKeys":{}},"BfW/2rRyOOPM2Qnudv9ou8O7RkzsnW3c5xYfG4XkY01R":{"chainKey":{"counter":-1,"key":"PVKdNMdFH2uH0eznV8PnxOY6tklg+nLOpQAQWWGYsg4="},"chainType":1,"messageKeys":{}}}}},"version":"v1"}