{"_sessions":{"BTkb8PV2UvM9Pw98g5SqdzsuSoBLZg9m5Xz2JfXQ6gAY":{"registrationId":247263997,"currentRatchet":{"ephemeralKeyPair":{"pubKey":"BVjkX03R/BAqm802GmLvDpf9EVlOXghRcuo6Z065rIwZ","privKey":"kDE3fpIdZnJ+oxEt63OQMOjhOdORvB86a0VvVkZMF30="},"lastRemoteEphemeralKey":"BZaLUcZGAIzRIVQCPbx5DCYMOpiOaQvfY0ToP7HXVdZw","previousCounter":0,"rootKey":"Lp9n64fv835EhUCMb8jwJQFDPa91v7YhtBSbWB/PffA="},"indexInfo":{"baseKey":"BTkb8PV2UvM9Pw98g5SqdzsuSoBLZg9m5Xz2JfXQ6gAY","baseKeyType":2,"closed":-1,"used":1745642500094,"created":1745642500094,"remoteIdentityKey":"BRMOLzZnFOEtIYLjI4tNE4hsIo2g8cMsWsoPqEKHImlv"},"_chains":{"BZaLUcZGAIzRIVQCPbx5DCYMOpiOaQvfY0ToP7HXVdZw":{"chainKey":{"counter":1,"key":"UaKej+V8TmYjERMEO3uEV43oy0pzrHfG3k9FJYKqd44="},"chainType":2,"messageKeys":{}},"BVjkX03R/BAqm802GmLvDpf9EVlOXghRcuo6Z065rIwZ":{"chainKey":{"counter":-1,"key":"vvVv/GA73bmdeJ25xKMrKrOs5YUT7wzW9n82bnHqW5I="},"chainType":1,"messageKeys":{}}}}},"version":"v1"}