{"_sessions":{"BRvoQHvLu8uTFpD1oczWH/HWFP+qsqNhullFiTPkhExv":{"registrationId":1712304104,"currentRatchet":{"ephemeralKeyPair":{"pubKey":"BVnVRaEuaSQ2wBkzommbA1f/eP2Tu+8bkJtAciSFI3YI","privKey":"6OVmDlwD8Iekx77G4oGPYuVan6cnu7iekr5CLvWEbG0="},"lastRemoteEphemeralKey":"BSGu71ZnD7j8IwMUGQOQZdbkSOuR3qezwEoRJi6gBYlA","previousCounter":0,"rootKey":"mMGun3+CFbGR4Wy+rgpHxZHe5t1wmcHkMrL1JE9cUOk="},"indexInfo":{"baseKey":"BRvoQHvLu8uTFpD1oczWH/HWFP+qsqNhullFiTPkhExv","baseKeyType":2,"closed":-1,"used":1745642502506,"created":1745642502506,"remoteIdentityKey":"BVPq/h8JT7GoN8noYR61lzxhY9IFxL2o6F4jqeZPF58r"},"_chains":{"BSGu71ZnD7j8IwMUGQOQZdbkSOuR3qezwEoRJi6gBYlA":{"chainKey":{"counter":0,"key":"5Div6Mmbn1SWnO/u0gO8htLOYSfGEHJ2AsCBwshhJco="},"chainType":2,"messageKeys":{}},"BVnVRaEuaSQ2wBkzommbA1f/eP2Tu+8bkJtAciSFI3YI":{"chainKey":{"counter":-1,"key":"fQZb/M84cMu1yBVN06egxf/SROfwgXOxEvKN1uOyZdg="},"chainType":1,"messageKeys":{}}}}},"version":"v1"}