{"_sessions":{"BQRhm6SsfAMJuMpyyihK0Ss8xuswjWjgUGBXeqD8zB8v":{"registrationId":974793667,"currentRatchet":{"ephemeralKeyPair":{"pubKey":"BdkBhVryABWG4LwulY6SNWdbdgyjWbaQlt/OfUZDuu8w","privKey":"CPjXUhk21/RmvK1vuBFAcpu9yGsLdtI35xiqUI+Gf14="},"lastRemoteEphemeralKey":"BbFTNq6kxNGDT1geYSq0yOqmSdkLIqEhM76wEmena/d3","previousCounter":0,"rootKey":"DUlANMGs6rp8msDaGPpIF/6wIKkHSQ1RH3KNlxQm9NI="},"indexInfo":{"baseKey":"BQRhm6SsfAMJuMpyyihK0Ss8xuswjWjgUGBXeqD8zB8v","baseKeyType":2,"closed":-1,"used":1745642501285,"created":1745642501285,"remoteIdentityKey":"BaaBrDArr16TSMRkgD4zsF87ltnMzlZrk/9XIqap5c4N"},"_chains":{"BbFTNq6kxNGDT1geYSq0yOqmSdkLIqEhM76wEmena/d3":{"chainKey":{"counter":5,"key":"A2jOy8y/br3vmghVqvNOnkuxWYZdcY5XDhqDbqdUzSI="},"chainType":2,"messageKeys":{}},"BdkBhVryABWG4LwulY6SNWdbdgyjWbaQlt/OfUZDuu8w":{"chainKey":{"counter":-1,"key":"oVsQ61hnTw/mmklSwnr02Lkpes+GlZxFBr0NKCI04Ro="},"chainType":1,"messageKeys":{}}}}},"version":"v1"}