{"_sessions":{"BR8w5mx7z06uUrRn6svHLxxvxcmizKtgkqMQJBBwpqdz":{"registrationId":1994260842,"currentRatchet":{"ephemeralKeyPair":{"pubKey":"BfCLPHJe2oLf/eEoRpa57zjgAVckcnf3pPR+q2ohvy1P","privKey":"eBpJoh8apHcFfa2PlZYVNy21dDkGwYwLVUoc4m5XB3o="},"lastRemoteEphemeralKey":"BZ3vIoakRn4G0GnihZXW5NSa2q6TkP+ChS5h9f/487EL","previousCounter":0,"rootKey":"bC55BF3Dr9xtq+pKQ8DDJfsYqQP29qHaAUTuVT16PKM="},"indexInfo":{"baseKey":"BR8w5mx7z06uUrRn6svHLxxvxcmizKtgkqMQJBBwpqdz","baseKeyType":2,"closed":-1,"used":1745642500297,"created":1745642500297,"remoteIdentityKey":"BcNvps7B569i3D2MdpjeHhg5Vxempv7VN+Zg6GGR6LJh"},"_chains":{"BZ3vIoakRn4G0GnihZXW5NSa2q6TkP+ChS5h9f/487EL":{"chainKey":{"counter":1,"key":"YOV22V0sFPmYft4tvxRa1NVRrBsTB7UVOr4oFtFlM2Y="},"chainType":2,"messageKeys":{}},"BfCLPHJe2oLf/eEoRpa57zjgAVckcnf3pPR+q2ohvy1P":{"chainKey":{"counter":-1,"key":"xARkzr9pUdeKei4cXZm0Wa2zP2UjfMIAv040tIkmOFo="},"chainType":1,"messageKeys":{}}}}},"version":"v1"}