{"_sessions":{"BRnY55UVorMfxGDEQee4rHF5wfGKw5AC2Mmg6jdOqJt5":{"registrationId":1869741534,"currentRatchet":{"ephemeralKeyPair":{"pubKey":"BfTAaf9t5bUa77DgTTx6YQikr2SbMPZg4bTXzcb9hpNh","privKey":"OKPuVTlk8OhTzeVtojTtyg59jOLpSZLFXo5Ubonjolg="},"lastRemoteEphemeralKey":"BUd5Ue089cyULKAn90xI+8zpX6q5b1QbTvCyvpJVi/Q0","previousCounter":0,"rootKey":"RPwTONMEtcSwkRhI5j4ps/H8NrqVvKUEHHrENt6sPXQ="},"indexInfo":{"baseKey":"BRnY55UVorMfxGDEQee4rHF5wfGKw5AC2Mmg6jdOqJt5","baseKeyType":2,"closed":-1,"used":1745642502815,"created":1745642502815,"remoteIdentityKey":"BSyJ1000aENBPsD/Skd5omnooXLzofpm8V5MFY4pmYRr"},"_chains":{"BUd5Ue089cyULKAn90xI+8zpX6q5b1QbTvCyvpJVi/Q0":{"chainKey":{"counter":0,"key":"AFszRrlWFRF7n7n/IDIP8KdEaDE0Ic9m4i0fMEu42Sc="},"chainType":2,"messageKeys":{}},"BfTAaf9t5bUa77DgTTx6YQikr2SbMPZg4bTXzcb9hpNh":{"chainKey":{"counter":-1,"key":"t0u9hwsyHPFTrmYSbuBOPvWU9EBKpjJRFBRAiU0Yb5k="},"chainType":1,"messageKeys":{}}}}},"version":"v1"}