{"_sessions":{"BU0mHBU3/mKdmCb/03EXVgLBIsrF/WG8WtxOkaKDzRME":{"registrationId":1365857158,"currentRatchet":{"ephemeralKeyPair":{"pubKey":"BRxHV9UQagkqt/mIC3+PLhOqGyAT/vCJn6sWHKv6K84C","privKey":"+JZjx5TKLwdkGiPu05Uh7h+Xe7534JVGjA7YmvKPDGY="},"lastRemoteEphemeralKey":"BbFF7qM9Mxx8w2mWire5ra28ICxALhSRAf8cdbMlML0L","previousCounter":0,"rootKey":"Qaz6wrzso4ph+a3DK3V+tKSp6EJtcqgVxUud4yDEa58="},"indexInfo":{"baseKey":"BU0mHBU3/mKdmCb/03EXVgLBIsrF/WG8WtxOkaKDzRME","baseKeyType":2,"closed":-1,"used":1745638386856,"created":1745638386856,"remoteIdentityKey":"BSKj4navcLYEtlvDCsGeOn9kEBExW3jOELbZxfycjm58"},"_chains":{"BbFF7qM9Mxx8w2mWire5ra28ICxALhSRAf8cdbMlML0L":{"chainKey":{"counter":1,"key":"ML1G+8aAr1kZZOzA0v7AzLBL+XCvtyCW13VX24znJaI="},"chainType":2,"messageKeys":{}},"BRxHV9UQagkqt/mIC3+PLhOqGyAT/vCJn6sWHKv6K84C":{"chainKey":{"counter":-1,"key":"w3bD+M1oHXwUFL9PXw6WT1pqtF0CPLfYykW8QMZBoxo="},"chainType":1,"messageKeys":{}}}}},"version":"v1"}