{"_sessions":{"BTXVoBHmzyjn0IRsfx693KXJo6d084zL1g/IVYpqiJkb":{"registrationId":400980633,"currentRatchet":{"ephemeralKeyPair":{"pubKey":"Be7PqBtXiQxE0Qf78VzXLTRk8ffIF3D47170sRL/n09l","privKey":"+JI+HkL4cJKb6E7vccD04r+gyNVmqlGoR98i1X+zLGw="},"lastRemoteEphemeralKey":"BUjFdtpva6v1ciJwOI5xVx61Lmn1pB2tvrwec5aTQhNo","previousCounter":0,"rootKey":"X5pqDnYrxgEI7PgZf4lsc0r9H3RWu8mNU7HmV71GZ08="},"indexInfo":{"baseKey":"BTXVoBHmzyjn0IRsfx693KXJo6d084zL1g/IVYpqiJkb","baseKeyType":2,"closed":-1,"used":1745642503454,"created":1745642503454,"remoteIdentityKey":"BVD6oqPygO1zbAkeYV+DW6Mq2H+TV7avDLn8Wcrj6e5E"},"_chains":{"BUjFdtpva6v1ciJwOI5xVx61Lmn1pB2tvrwec5aTQhNo":{"chainKey":{"counter":1,"key":"+FeWkLNictvmkpPzBxdRYII7ADER6oxiZJGYfwcAyvA="},"chainType":2,"messageKeys":{}},"Be7PqBtXiQxE0Qf78VzXLTRk8ffIF3D47170sRL/n09l":{"chainKey":{"counter":-1,"key":"UztpcssvXcCbEbVUqiJHW78XI95mAjRjOIg59IeqeLg="},"chainType":1,"messageKeys":{}}}}},"version":"v1"}