{"_sessions":{"BYlaxMtwPvruTCSJ+nURo65I3h/i0Y/i1b2HNARwFZUS":{"registrationId":714756405,"currentRatchet":{"ephemeralKeyPair":{"pubKey":"BXJDuk1PnMPCusLV6JXQXbwyE/omdoIZMAHpIhF/NOka","privKey":"iLG64HEp4cmctiQ7sFYhwI90RDdVETMSm5DC06MxoGw="},"lastRemoteEphemeralKey":"BblFpRiz7lk7x12c4qVBRGthaMJcCdg/Lvh7PmDv8KZz","previousCounter":0,"rootKey":"jQbzJO6xCGOO2COYLz1cYh6ZJbQoLYcw0zi23C2Vyvk="},"indexInfo":{"baseKey":"BYlaxMtwPvruTCSJ+nURo65I3h/i0Y/i1b2HNARwFZUS","baseKeyType":2,"closed":-1,"used":1745642526614,"created":1745642526614,"remoteIdentityKey":"BW2MQ/dB2DwYW2w7Q1MVB8XFrrllh8mmq+VkjJV/LYAu"},"_chains":{"BblFpRiz7lk7x12c4qVBRGthaMJcCdg/Lvh7PmDv8KZz":{"chainKey":{"counter":1,"key":"BlLLBU04zPFejglJzLPxQdbzByQYIIhjxgjOgD61QFY="},"chainType":2,"messageKeys":{}},"BXJDuk1PnMPCusLV6JXQXbwyE/omdoIZMAHpIhF/NOka":{"chainKey":{"counter":-1,"key":"fy+KuIFcu6Cmi5ZB/j3qisPIzzfspE0rROoBWrQUK/8="},"chainType":1,"messageKeys":{}}}}},"version":"v1"}