{"_sessions":{"BbrTFPC/Qbn4FF9hjmOMJuqoqZjjJkzF6x7AXUmmpgsL":{"registrationId":787653940,"currentRatchet":{"ephemeralKeyPair":{"pubKey":"BRVbNxaKA3yPxmOyfvAmQS6O/9fuVibR6OaI/wfzKvda","privKey":"oKNugPd3AmnI0hvZbLluWtPsDSV6HVcTz5zcn+Z/C2g="},"lastRemoteEphemeralKey":"BfygnCluZLScFgAGwbHDxU/hds6xRosvaYgCusOl6uJP","previousCounter":0,"rootKey":"GZr8VNfGW3GVWaTF8TVV6A3KB1KRYo920PY+erqdkAU="},"indexInfo":{"baseKey":"BbrTFPC/Qbn4FF9hjmOMJuqoqZjjJkzF6x7AXUmmpgsL","baseKeyType":2,"closed":-1,"used":1745642501325,"created":1745642501325,"remoteIdentityKey":"BTw30dsnSUYZE3anDIKhLCa6YAd4F4/2pHdGetBxnQd2"},"_chains":{"BfygnCluZLScFgAGwbHDxU/hds6xRosvaYgCusOl6uJP":{"chainKey":{"counter":2,"key":"Gw0O1S784TUD8SNnpKYX/x5Ds20n+KkmLa+d1GF4elg="},"chainType":2,"messageKeys":{}},"BRVbNxaKA3yPxmOyfvAmQS6O/9fuVibR6OaI/wfzKvda":{"chainKey":{"counter":-1,"key":"gXUHaEJ49N/5C/lxypg6j5zzjq3d5xz3vtau4RBFaes="},"chainType":1,"messageKeys":{}}}}},"version":"v1"}