{"_sessions":{"BQkgeHoriTe6kvdh3N5Z0KfFMsWZCPRAt91bkY87Golq":{"registrationId":1490729074,"currentRatchet":{"ephemeralKeyPair":{"pubKey":"BRdG1rqbTe0zaKO+pDeRRJ5Qk+0ZK43H9TUKxdoYjyc7","privKey":"mMb2YF5QjiB9alW1/lYeDH/t2ndDswh2VtI9QlJSE1U="},"lastRemoteEphemeralKey":"BYuyoJEub5UwBb/ov5jIkT/CMjX5AjeI+fitzR4o9HlK","previousCounter":0,"rootKey":"iURvU9I4uzOMwpLgGr4SuzKl8v4SKCuSl0rqo9G/IuM="},"indexInfo":{"baseKey":"BQkgeHoriTe6kvdh3N5Z0KfFMsWZCPRAt91bkY87Golq","baseKeyType":2,"closed":-1,"used":1745637858220,"created":1745637858220,"remoteIdentityKey":"BWBoxzW++PvCfb1CEglauTxuguALkTSB/rxiOrxvgJkO"},"_chains":{"BYuyoJEub5UwBb/ov5jIkT/CMjX5AjeI+fitzR4o9HlK":{"chainKey":{"counter":0,"key":"Fpy7E3JhzHv6Am22ifmGqg5RVt8VEeamUA604KnYIus="},"chainType":2,"messageKeys":{}},"BRdG1rqbTe0zaKO+pDeRRJ5Qk+0ZK43H9TUKxdoYjyc7":{"chainKey":{"counter":-1,"key":"DBER7RVhSRaWsq4mFG8EwnFYlvBTD4oWIwqMT/OZOb0="},"chainType":1,"messageKeys":{}}}}},"version":"v1"}