{"_sessions":{"BdMpEGYTlKJ/BYojACfempqF72dJ4WZ5dQJX6gERT8Rq":{"registrationId":2034138510,"currentRatchet":{"ephemeralKeyPair":{"pubKey":"BX5jSw024EQQdZl1o7nDzvhzEJEb0ScBxn6Ar8C2TY8r","privKey":"ENEEIHqeN+9dwwbBfjj/XKZkD7cjshqHR4b056Fh0H8="},"lastRemoteEphemeralKey":"BdWNDV6t07n+jj4Af8tiIkd92OWNxJ3BF0S101nEJLs3","previousCounter":0,"rootKey":"3JtM33kay7IFZ5bIOoe0gobfJoRDEZybWjCMGid5Kw8="},"indexInfo":{"baseKey":"BdMpEGYTlKJ/BYojACfempqF72dJ4WZ5dQJX6gERT8Rq","baseKeyType":2,"closed":-1,"used":1745637749166,"created":1745637749166,"remoteIdentityKey":"Bf+UNTkLvJ/cwlf5sJwD8DBQhT6nEiUyffj8G4PUkvgU"},"_chains":{"BdWNDV6t07n+jj4Af8tiIkd92OWNxJ3BF0S101nEJLs3":{"chainKey":{"counter":8,"key":"wUuZtL7bUdfcGfaRAldaDM3ibpcHx4uYgflJUtfTGbM="},"chainType":2,"messageKeys":{}},"BX5jSw024EQQdZl1o7nDzvhzEJEb0ScBxn6Ar8C2TY8r":{"chainKey":{"counter":-1,"key":"etBJWlg1VkhlouMluUPNH/hhm23oUtNPEjWpUjO8L2E="},"chainType":1,"messageKeys":{}}}}},"version":"v1"}