{"_sessions":{"Bd3LIRTlognYIIMoIMVrtOrhBtyR2yMA9QjSrQOXVWJ+":{"registrationId":605252955,"currentRatchet":{"ephemeralKeyPair":{"pubKey":"BbO1TsoOsRu2Kpq774HboLImdgK/aSypzzwUCAENDDIA","privKey":"WIuBuB8Dw8DpqaAXkyk9GXuRJ4LylBveb+pyjTIn1W8="},"lastRemoteEphemeralKey":"BWuYAljTXZR5xjhpefP5hbtAZdUe921cVse8LdtLjU9R","previousCounter":0,"rootKey":"SgcZBErf8N1/33aRaJbwpkLhqfKCkQjf1+WUiO2gMqs="},"indexInfo":{"baseKey":"Bd3LIRTlognYIIMoIMVrtOrhBtyR2yMA9QjSrQOXVWJ+","baseKeyType":2,"closed":-1,"used":1745638370665,"created":1745638370665,"remoteIdentityKey":"Bd3/ilAR01iZWLdq1ipXmPlSUXIyJUF7IWrSn7d+lIJt"},"_chains":{"BWuYAljTXZR5xjhpefP5hbtAZdUe921cVse8LdtLjU9R":{"chainKey":{"counter":1,"key":"K/em5MO634HiyMVMn8QDhIofeGgqnaUnDDC+Ea9KPx8="},"chainType":2,"messageKeys":{}},"BbO1TsoOsRu2Kpq774HboLImdgK/aSypzzwUCAENDDIA":{"chainKey":{"counter":-1,"key":"PvV8k/Nf2Sg7DJsdGoocTHa3f0CbLycl8Z6CpeCDLAo="},"chainType":1,"messageKeys":{}}}}},"version":"v1"}