{"_sessions":{"Bb4VPn7sX+Yy1H/G7Ca4HsjZJx/VXCqjnFZNCPn6cg5R":{"registrationId":1015593544,"currentRatchet":{"ephemeralKeyPair":{"pubKey":"Bc0XM/cg5Uj2eBq3VK5MamMcOkKDH4E29Qp1BvrQJVVE","privKey":"MIP+EWxvnv9QNCw5rQJ3KnAFenJQt7VaZEJu4Sc2LGs="},"lastRemoteEphemeralKey":"BWCumsC0nhenM/lWPpHX+tTrhAib9zjMuElMrA6dmd0U","previousCounter":0,"rootKey":"aL3GPTxZG/cMjFKnsZkPOV1HPTFwrCPmALPe3if4OSQ="},"indexInfo":{"baseKey":"Bb4VPn7sX+Yy1H/G7Ca4HsjZJx/VXCqjnFZNCPn6cg5R","baseKeyType":2,"closed":-1,"used":1745638456868,"created":1745638456868,"remoteIdentityKey":"BQ6rogYeRMy6cHZLgsGEJh4f/3l9bWxC4gUpsrFh6ehE"},"_chains":{"BWCumsC0nhenM/lWPpHX+tTrhAib9zjMuElMrA6dmd0U":{"chainKey":{"counter":8,"key":"lr7zuVtmYUF5OuwE87Bb1LkBXnQV/Z4uvD63sIQhCh8="},"chainType":2,"messageKeys":{}},"Bc0XM/cg5Uj2eBq3VK5MamMcOkKDH4E29Qp1BvrQJVVE":{"chainKey":{"counter":-1,"key":"YhZJmo796yTDiYRsZCIcDNoYHBEwKKSKPXwDfW5qCVM="},"chainType":1,"messageKeys":{}}}}},"version":"v1"}