{"_sessions":{"BbPYMnbqJF0dcb79z65wB9t+w2GMGeOzEbL4zANzK61t":{"registrationId":224331769,"currentRatchet":{"ephemeralKeyPair":{"pubKey":"BWonO8uXSa121gi4XB3kmaSRT+e7WYbF7JJ3AkRXtUhn","privKey":"IDIe7Hhh9Ib8zSEkb7Q+qEP8obsOMskHYvpJhHcwAEw="},"lastRemoteEphemeralKey":"BZrpln9yjuUUbO3oW8p9hk+WDbg/uYXP2wGNehZcszdt","previousCounter":0,"rootKey":"gEwmBMg5TNsyL2zfGOitObkxa8IETzHM7dNo/XlD2zU="},"indexInfo":{"baseKey":"BbPYMnbqJF0dcb79z65wB9t+w2GMGeOzEbL4zANzK61t","baseKeyType":2,"closed":-1,"used":1745638185644,"created":1745638185644,"remoteIdentityKey":"BY8xPhPvXV3S+fGaSCUTN3ApWF/iHHRQA3MNLYMf86oo"},"_chains":{"BZrpln9yjuUUbO3oW8p9hk+WDbg/uYXP2wGNehZcszdt":{"chainKey":{"counter":3,"key":"9SqUWyxW86mXDbkPhTNnDqwrUyCfDsvbxRf8guVbzX4="},"chainType":2,"messageKeys":{}},"BWonO8uXSa121gi4XB3kmaSRT+e7WYbF7JJ3AkRXtUhn":{"chainKey":{"counter":-1,"key":"SRja2d+mjf4tIZxCrkHKl5Pa17mTa4GKrEGwdKhwOr0="},"chainType":1,"messageKeys":{}}}}},"version":"v1"}