{"_sessions":{"BcMzNR+w8mkyx4PEOGsR3dzdH8Kap/wVbgcbstVIiJxg":{"registrationId":1750110253,"currentRatchet":{"ephemeralKeyPair":{"pubKey":"BX/k9tr0lIVBxhW833qNcS3FbTj1bYqa1IJevaMPQ1V3","privKey":"cHRijA1GLnxVLIEXG5A+bt8IlyO7DyQPyYmYgSBgmWg="},"lastRemoteEphemeralKey":"BbTUbu9AuaLCY+U78UoDfIJs91oaVIinAoD2QqOhRMw5","previousCounter":0,"rootKey":"EWOng9CPP+bRcpcQFKBEl8/IbQMMD/WvCEXfVrhHkTQ="},"indexInfo":{"baseKey":"BcMzNR+w8mkyx4PEOGsR3dzdH8Kap/wVbgcbstVIiJxg","baseKeyType":2,"closed":-1,"used":1745642504063,"created":1745642504063,"remoteIdentityKey":"Bb+M1Sdn7yC1bgRDOzqBTdepkosk1Uj1q05Pyb/5TMlx"},"_chains":{"BbTUbu9AuaLCY+U78UoDfIJs91oaVIinAoD2QqOhRMw5":{"chainKey":{"counter":4,"key":"ZIm0dT1+1rThO8ZjGwZzQ3itVtFMpYyV/8lr/TUcgJw="},"chainType":2,"messageKeys":{}},"BX/k9tr0lIVBxhW833qNcS3FbTj1bYqa1IJevaMPQ1V3":{"chainKey":{"counter":-1,"key":"iewGAjAESVA8Y3JPGSBSjq3fvFKi+qs8QrVrg49Z/Po="},"chainType":1,"messageKeys":{}}}}},"version":"v1"}