{"_sessions":{"Bdme5wo2W83k9MNQVqI8bi/YY0xjqA+o559wFo7xQ4cI":{"registrationId":350721332,"currentRatchet":{"ephemeralKeyPair":{"pubKey":"BY7qIWAt28M9hxCrG/8Wwk2/DLPxjLAcXFgAPDtK0jQh","privKey":"YF+A1q8oWHvdQVVCdmgt6x7XLgM8pTRzClqy44cTQkg="},"lastRemoteEphemeralKey":"BSbtoBydp7uPN2eKtSJPEMUEVVFpB6TapiUKI6Ta2noX","previousCounter":0,"rootKey":"5rjzwNUZhBCK/fL4rK6NX6GPBKr4Wtabb+EOC3DT8eg="},"indexInfo":{"baseKey":"Bdme5wo2W83k9MNQVqI8bi/YY0xjqA+o559wFo7xQ4cI","baseKeyType":2,"closed":-1,"used":1745643120908,"created":1745643120908,"remoteIdentityKey":"BRga2MzxVOLNj/kkJTQKJhz/bvTXk5KnFyBueTYHWwJZ"},"_chains":{"BSbtoBydp7uPN2eKtSJPEMUEVVFpB6TapiUKI6Ta2noX":{"chainKey":{"counter":0,"key":"wVoXwSlxIjySx4OFyBk1uM05k3rUN7iANNLNRQXhPQU="},"chainType":2,"messageKeys":{}},"BY7qIWAt28M9hxCrG/8Wwk2/DLPxjLAcXFgAPDtK0jQh":{"chainKey":{"counter":-1,"key":"nwQoYz3z2zVSMuad/KNylV00jLyKJk+O6TFyMschSZs="},"chainType":1,"messageKeys":{}}}}},"version":"v1"}