{"_sessions":{"Bay+IlX1AvgDTj7zbWo0X0YTMvtihlYD/6xI1fpsKC5r":{"registrationId":839642193,"currentRatchet":{"ephemeralKeyPair":{"pubKey":"BdKxUAAW5swoxyHM4L2OT09I1P1CWkJ8RfYXasSliWE8","privKey":"iMP+O8sHo4RjR6p+uk1uYzAZKTjKgHIs34iYSCc1Kmk="},"lastRemoteEphemeralKey":"BcMLFxSuGwnxbw/+ccKW7WU7b3WCzLqJDXX0QkLQQ30G","previousCounter":0,"rootKey":"RetL0xNkcKXxwjW31Orz3YYGDmbL1N7LR4KWFD8KirY="},"indexInfo":{"baseKey":"Bay+IlX1AvgDTj7zbWo0X0YTMvtihlYD/6xI1fpsKC5r","baseKeyType":2,"closed":-1,"used":1745638337510,"created":1745638337510,"remoteIdentityKey":"BVQBa4IeG2q0WZX9K9nQEmyqdOY6f5AfXLfgje+yj7YC"},"_chains":{"BcMLFxSuGwnxbw/+ccKW7WU7b3WCzLqJDXX0QkLQQ30G":{"chainKey":{"counter":1,"key":"u89x/O0JINd9EIQ8w4ztt46R/HOEo7GcsvYNqe9Z4Vg="},"chainType":2,"messageKeys":{}},"BdKxUAAW5swoxyHM4L2OT09I1P1CWkJ8RfYXasSliWE8":{"chainKey":{"counter":-1,"key":"7irWu5xsbyO7wddFeDQd6emA1t6xCW9aYJWcuxpMrv4="},"chainType":1,"messageKeys":{}}}}},"version":"v1"}