{"_sessions":{"BS4rrXIqzL8+hQCGJK+o9eHekNqbqEc8qb8TSbSuaeFu":{"registrationId":1945007826,"currentRatchet":{"ephemeralKeyPair":{"pubKey":"BdSkimif/M/wSa9v5IqHFkxR4k34bAHZNuRXRKSOZ50y","privKey":"kLoVOGPwMMHygaAv9Hw39dT331DGj/cH+rC5Sz5/QGo="},"lastRemoteEphemeralKey":"BWqe2qmj0ZhfYXSmamb/T2w7X3z+ocIPXzeWmWfTZcJ/","previousCounter":0,"rootKey":"LI6M4lGQfbrDhWkAgY27Bl0bBEnFmslCn/EWtFJ8oN0="},"indexInfo":{"baseKey":"BS4rrXIqzL8+hQCGJK+o9eHekNqbqEc8qb8TSbSuaeFu","baseKeyType":2,"closed":-1,"used":1745637889936,"created":1745637889936,"remoteIdentityKey":"BaZMHh0XYsOuqlf99/QV7l5SW3SYYSr+OAj22h+k5Z14"},"_chains":{"BWqe2qmj0ZhfYXSmamb/T2w7X3z+ocIPXzeWmWfTZcJ/":{"chainKey":{"counter":0,"key":"pFjAzSd9T/nyoWTVngp5OSMxjLZ/hwtpfnF8oZWnR3I="},"chainType":2,"messageKeys":{}},"BdSkimif/M/wSa9v5IqHFkxR4k34bAHZNuRXRKSOZ50y":{"chainKey":{"counter":-1,"key":"IvCwQ/s0UAj+kNsJR5JN4oJ5WaAmC3nvDTklcV7DnNo="},"chainType":1,"messageKeys":{}}}}},"version":"v1"}