{"_sessions":{"BZyPdS9Qx0RcaZ0383zpEWso2pTZ3EBI14BSdd1N7qJW":{"registrationId":384575942,"currentRatchet":{"ephemeralKeyPair":{"pubKey":"BeJp34YMapFhK7kQw37xh30/wO8qjiyafcvmH1pTsU0D","privKey":"GA3dMK5Yg1UnGt3GVibk/aFdd2y8NbfGwWhkZ9m0MXU="},"lastRemoteEphemeralKey":"BQ5//uQbXIZstQGxdWdEyC6aMOcj+AQxL4vQO8yccMJU","previousCounter":0,"rootKey":"fC3VNYpzPrIsJPqTJOK4bzWWWre25/NDm8oGNUYWRZE="},"indexInfo":{"baseKey":"BZyPdS9Qx0RcaZ0383zpEWso2pTZ3EBI14BSdd1N7qJW","baseKeyType":2,"closed":-1,"used":1745642503078,"created":1745642503078,"remoteIdentityKey":"BVAhbkzihmjh4SrBhKC2EAM6Xnxy6HyreHOMR9ZZzF4W"},"_chains":{"BQ5//uQbXIZstQGxdWdEyC6aMOcj+AQxL4vQO8yccMJU":{"chainKey":{"counter":0,"key":"idnsllNUx34CJGDWv0B6lbbk9tbSYmEJK7PzL1GTHKc="},"chainType":2,"messageKeys":{}},"BeJp34YMapFhK7kQw37xh30/wO8qjiyafcvmH1pTsU0D":{"chainKey":{"counter":-1,"key":"Xn/OM3Vkx0Fp+VUBbkWOEB+FqcqF6CDOAlh0Fz+bHS4="},"chainType":1,"messageKeys":{}}}}},"version":"v1"}