{"_sessions":{"BcdqmrlD7mCGiqYv3e0+7mXAPa/xt3pHE3KtkC2+Ly56":{"registrationId":1876343161,"currentRatchet":{"ephemeralKeyPair":{"pubKey":"BeaHd0n7JnioZ2IrL0RUQdYfG9+NfSJY60LsnGeRYGtI","privKey":"gL91MXx2fVL6QbADWVYbmI4YvGK1jc+DDN7EGRG9pk8="},"lastRemoteEphemeralKey":"Bb4ulH8RlANP/kKSaUAg93n5kwY+WFtsnK2R+1vLJqoD","previousCounter":0,"rootKey":"vneNdfQL6vl9dbo/H4jq76B5mmfZHJw6ZHf+rTmiWFg="},"indexInfo":{"baseKey":"BcdqmrlD7mCGiqYv3e0+7mXAPa/xt3pHE3KtkC2+Ly56","baseKeyType":2,"closed":-1,"used":1745642499975,"created":1745642499975,"remoteIdentityKey":"BeWWL17uV8d0Ss+EWSlmJ6uIpeil7u+AIu7MAgpLOpoC"},"_chains":{"Bb4ulH8RlANP/kKSaUAg93n5kwY+WFtsnK2R+1vLJqoD":{"chainKey":{"counter":0,"key":"ew8Z8WFBefPPql6Z8DRGcM7jhPrg4zWv1PN9/3305lE="},"chainType":2,"messageKeys":{}},"BeaHd0n7JnioZ2IrL0RUQdYfG9+NfSJY60LsnGeRYGtI":{"chainKey":{"counter":-1,"key":"TItUi1kmuZvbkhK5fSej7PcNTYY2M1seJYKWkV5Yqc0="},"chainType":1,"messageKeys":{}}}}},"version":"v1"}