{"_sessions":{"BRaRbAcuOVxWjWLsiZjo+xvNX+pIr9UYu5nxzBYT4nxH":{"registrationId":1289860786,"currentRatchet":{"ephemeralKeyPair":{"pubKey":"BR+on7cN/KfSIh6nPAfy4p5HOk1Xesm5sFoefjlf90lp","privKey":"cMmb9zHp7JZ6AMf4tNC+EcNC/fKHpLc8fcGyAGMLXVI="},"lastRemoteEphemeralKey":"BYO2K6ah5vDI7Byw1jf+sfRfJ+Sf6PYpTWPu7v8jsWcB","previousCounter":0,"rootKey":"k3ky7h3sPfS0p/txrloiZV0/o44zrkY3JaNNUyMWW2U="},"indexInfo":{"baseKey":"BRaRbAcuOVxWjWLsiZjo+xvNX+pIr9UYu5nxzBYT4nxH","baseKeyType":2,"closed":-1,"used":1745642501496,"created":1745642501496,"remoteIdentityKey":"BUOX/PGyM+PWMbKlUQJJlYsK04OQan6PVyD08vMhwvgk"},"_chains":{"BYO2K6ah5vDI7Byw1jf+sfRfJ+Sf6PYpTWPu7v8jsWcB":{"chainKey":{"counter":2,"key":"LrwnCQXl6d2tog1siMNtfJUXqt+shSZJAhpv4Hynp6U="},"chainType":2,"messageKeys":{}},"BR+on7cN/KfSIh6nPAfy4p5HOk1Xesm5sFoefjlf90lp":{"chainKey":{"counter":-1,"key":"Saper4KxqhMfNdaU0aHMrH2v5BfMxTRczWLu+seakng="},"chainType":1,"messageKeys":{}}}}},"version":"v1"}