{"_sessions":{"BUHGvePB8Vb47nKdGdvQLjAMDfcgVKpVN9zONraK2DcN":{"registrationId":1565574903,"currentRatchet":{"ephemeralKeyPair":{"pubKey":"BQdNfx4rZ7m7y826+dQ8nrZM0w2dAOLtTIH/KQcIlZId","privKey":"8DUkEKSCAzrSrxhmHin16F8UVofnGdLTtgk8zVpdCVY="},"lastRemoteEphemeralKey":"Bf5XPXU6GLTVw+RdtZmG+Ch9bcTOOW+c/lh1oDW/uAIj","previousCounter":0,"rootKey":"yGRpH4B3ugRqQ4keEyDEtA1ydJgtFwSAssHF52Lm+8c="},"indexInfo":{"baseKey":"BUHGvePB8Vb47nKdGdvQLjAMDfcgVKpVN9zONraK2DcN","baseKeyType":2,"closed":-1,"used":1745642499954,"created":1745642499954,"remoteIdentityKey":"Bc1D9fa5hMQ9IVDGMVsQdz5CnnYg/ErSliHYn/6o599j"},"_chains":{"Bf5XPXU6GLTVw+RdtZmG+Ch9bcTOOW+c/lh1oDW/uAIj":{"chainKey":{"counter":0,"key":"6nP3izxncwa3WUyym4wmlTf0CHPPQ1taG0DXglOOA2k="},"chainType":2,"messageKeys":{}},"BQdNfx4rZ7m7y826+dQ8nrZM0w2dAOLtTIH/KQcIlZId":{"chainKey":{"counter":-1,"key":"8YN/+b2atkbOEs3Ev20vkyxsDzBFs5bWU3yBzfq8Sgc="},"chainType":1,"messageKeys":{}}}}},"version":"v1"}