{"_sessions":{"BWXLynQIGVQ2VCzj1MYlpqesXXqLAxJjFovZkp7CPHIk":{"registrationId":1687098559,"currentRatchet":{"ephemeralKeyPair":{"pubKey":"BWteFezI/GEmKwWUQ0AIXFDWoE4qePo2332PSCBw32Vw","privKey":"MFLDGOyFO9WnrsTVokQxAnf/nm8ossvV7Rr7H6TxjEY="},"lastRemoteEphemeralKey":"BbG6xh/JybCrgVZa1g1y0H/mJlh2/h/6DoS3dFOb02VY","previousCounter":0,"rootKey":"aL/+RGd/c/kFmixnoD0/8r1RXCsDyZAD8N8LMQpMvzg="},"indexInfo":{"baseKey":"BWXLynQIGVQ2VCzj1MYlpqesXXqLAxJjFovZkp7CPHIk","baseKeyType":2,"closed":-1,"used":1745642501982,"created":1745642501982,"remoteIdentityKey":"BYY6eyDBLO4Rc6b8Ro22rA5Kzmq74GTTNRjw2Q5ic/9g"},"_chains":{"BbG6xh/JybCrgVZa1g1y0H/mJlh2/h/6DoS3dFOb02VY":{"chainKey":{"counter":3,"key":"u81mEhDC2xwpqraNSdA0qN1WL9Rz+Fc0Rxg6oKzQDp0="},"chainType":2,"messageKeys":{}},"BWteFezI/GEmKwWUQ0AIXFDWoE4qePo2332PSCBw32Vw":{"chainKey":{"counter":-1,"key":"f6BiQUzFecVGjVVuzO93fn2UmfljgD7+5xxKv3TIJW8="},"chainType":1,"messageKeys":{}}}}},"version":"v1"}