{"_sessions":{"Bdo/Ckcah9orTfC3Zg3z245EgLSUxtabvEaMaQTQ5Bk0":{"registrationId":1799349484,"currentRatchet":{"ephemeralKeyPair":{"pubKey":"BZo25MvIK+eL6h5gExS+KMdv3r1BVc6AfRHCxbeMYAAm","privKey":"mHtDFWB2luXS7afd/1WpMctPe7iiZ43rj825ALwZcEk="},"lastRemoteEphemeralKey":"BVYZ14dCkhNlipuhaoV0wc6Og3y1mgAUoWox8AgnVkYl","previousCounter":0,"rootKey":"FTtr1KZcVjqAcKxqqd6EwIs2qVE3zBA0udURcDKe7fA="},"indexInfo":{"baseKey":"Bdo/Ckcah9orTfC3Zg3z245EgLSUxtabvEaMaQTQ5Bk0","baseKeyType":2,"closed":-1,"used":1745643085649,"created":1745643085649,"remoteIdentityKey":"Bb7kbk5gW24c5Rc+NVtcfoePqc0/Bz8OT+3q103AheNW"},"_chains":{"BVYZ14dCkhNlipuhaoV0wc6Og3y1mgAUoWox8AgnVkYl":{"chainKey":{"counter":0,"key":"zyLrHUFBMkgamS8ZUta43OwLqXc3gxbtDLOViyXscW0="},"chainType":2,"messageKeys":{}},"BZo25MvIK+eL6h5gExS+KMdv3r1BVc6AfRHCxbeMYAAm":{"chainKey":{"counter":-1,"key":"K7MU3Bsp2MnhxVDKhjdh5SD5PR2HkCht5TezLaNlRZ0="},"chainType":1,"messageKeys":{}}}}},"version":"v1"}