{"_sessions":{"BVD/Nr2ld9obKPrZwm95rSBP4oB5TQV7ojdsSY/sbWo7":{"registrationId":2012428943,"currentRatchet":{"ephemeralKeyPair":{"pubKey":"BWKbA3+zaUKQdXZN+epuLUg4A0yxuVSuYKmBKOBuyplB","privKey":"wMSqFKl/zZddqNvU0Exz1EwPg/NSaoCpL3VtWt0Jmks="},"lastRemoteEphemeralKey":"BV/vyipV47Hm8BUCKbdW9lX77LwEIYidlUSNe8siSI0d","previousCounter":0,"rootKey":"1QVHnlLfpmSmOjB7362Hrm/YBQt+AmbViyTDRd5ybPA="},"indexInfo":{"baseKey":"BVD/Nr2ld9obKPrZwm95rSBP4oB5TQV7ojdsSY/sbWo7","baseKeyType":2,"closed":1745642695318,"used":1745642499566,"created":1745642499566,"remoteIdentityKey":"BWgBlL2v7oLdOyVhD8nO2rCjsKhXj/Eglb0bkGcBqFhR"},"_chains":{"BV/vyipV47Hm8BUCKbdW9lX77LwEIYidlUSNe8siSI0d":{"chainKey":{"counter":8,"key":"o2eIGFiOd8cj5Q6XZvP5GKbAvDv0cVs2URjRY4SSBE8="},"chainType":2,"messageKeys":{"7":"bx/spGHaVunKQDIq7rg8RNF5s8q11A8Yp7IZuJxtUCg="}},"BWKbA3+zaUKQdXZN+epuLUg4A0yxuVSuYKmBKOBuyplB":{"chainKey":{"counter":-1,"key":"x1dM1MexYlCO447nmI15T55UiJyxJuEhLn1BqNkVqcw="},"chainType":1,"messageKeys":{}}}},"BYshuQ3c9V9fWxt+wSTPWV+6G3TjZf2bpqKDKVzELtJO":{"registrationId":2012428943,"currentRatchet":{"ephemeralKeyPair":{"pubKey":"BbZaljKoDGp4hCKRQjHqb1oLYyyxMFX5jkkqLY9l/R8m","privKey":"2Gm+dGDQvDSiumF1uCO0IBLxo8QmKpbm/HpqVwKGBVs="},"lastRemoteEphemeralKey":"BQ3Ar5aplX7fzCI8YyV7hnXyx38YfOI/fL1UMf951Upa","previousCounter":0,"rootKey":"kxdMJLXcfFIQVyi8AN9xtFrbWw+gGTA8Gofz5+WsJuU="},"indexInfo":{"baseKey":"BYshuQ3c9V9fWxt+wSTPWV+6G3TjZf2bpqKDKVzELtJO","baseKeyType":2,"closed":-1,"used":1745642695318,"created":1745642695318,"remoteIdentityKey":"BWgBlL2v7oLdOyVhD8nO2rCjsKhXj/Eglb0bkGcBqFhR"},"_chains":{"BQ3Ar5aplX7fzCI8YyV7hnXyx38YfOI/fL1UMf951Upa":{"chainKey":{"counter":1,"key":"lEbyUQ/n+Zi69KILDADuvevZYD3OOgMd3e7p4KXd4oQ="},"chainType":2,"messageKeys":{"0":"7Y0l/2yUutAbj1d5dJxDf2PXOs43j338BD/M1erD2Tw="}},"BbZaljKoDGp4hCKRQjHqb1oLYyyxMFX5jkkqLY9l/R8m":{"chainKey":{"counter":-1,"key":"KS3ZL9YbgRjdqb+KrxXrrw6UbgN2t/tH7lImSzZZG9c="},"chainType":1,"messageKeys":{}}}}},"version":"v1"}