{"_sessions":{"BWNx7uTBq6nNxCCkVpA1sJsX0p1l0hhNXrJ5xj0yAww4":{"registrationId":1585374809,"currentRatchet":{"ephemeralKeyPair":{"pubKey":"BQUV6pu5oXz2jx3wFoHXySGRH5IVX7okUz+7fide/5wP","privKey":"uM+Ru2FX+pRlvVuldRv6Oiw6OEOUsgLUVsiB4o60FWA="},"lastRemoteEphemeralKey":"BbSIcGWEBc+JBoAjP2Ezwbqw8oOUahSfq1qeBenOXj9a","previousCounter":0,"rootKey":"3zc4IpL8xHJjgh6jwd2gsv02cEf5DlrQ4FnGBKqCq3U="},"indexInfo":{"baseKey":"BWNx7uTBq6nNxCCkVpA1sJsX0p1l0hhNXrJ5xj0yAww4","baseKeyType":2,"closed":-1,"used":1745642501156,"created":1745642501156,"remoteIdentityKey":"BRhmkyI4ZzTBgAI3jeVxpib6pUFs+VcIW09jsvI+OTh3"},"_chains":{"BbSIcGWEBc+JBoAjP2Ezwbqw8oOUahSfq1qeBenOXj9a":{"chainKey":{"counter":2,"key":"pX+cFye4DM+9ZL3bjx0EvoxBcWnF7azsFK9lyGah7lA="},"chainType":2,"messageKeys":{}},"BQUV6pu5oXz2jx3wFoHXySGRH5IVX7okUz+7fide/5wP":{"chainKey":{"counter":-1,"key":"y1PZ429Y9Y3OYMAWHB36Z/FBbjQpzzZy4LJIa/CPX3I="},"chainType":1,"messageKeys":{}}}}},"version":"v1"}