{"_sessions":{"Bc6WBT3Yf9Zh3X+AI7IErK6M9wQQhojJ30LHr5tBcg43":{"registrationId":2011250365,"currentRatchet":{"ephemeralKeyPair":{"pubKey":"Bd0XtRqZN6x4UUSCPpPlEmEEA0kdKNhFOJiS/U1dozYZ","privKey":"IN67QmJ2cvnrwhzUDYFSxw5qILFBTt9kAou2vpQeC2I="},"lastRemoteEphemeralKey":"BbyYfA7ROkVYTpLzAdN9tQBOxwwJ2aNPHSTMjyWd0Vpy","previousCounter":0,"rootKey":"pesqOD2dymKI/bRoU8EO+jC03hh3C6KiK2egZj5bh54="},"indexInfo":{"baseKey":"Bc6WBT3Yf9Zh3X+AI7IErK6M9wQQhojJ30LHr5tBcg43","baseKeyType":2,"closed":-1,"used":1745638355888,"created":1745638355888,"remoteIdentityKey":"BXLPpf92ut5FOZZHXxLNJYK75Pspa0t0bVBGTWs9/PoB"},"_chains":{"BbyYfA7ROkVYTpLzAdN9tQBOxwwJ2aNPHSTMjyWd0Vpy":{"chainKey":{"counter":3,"key":"uEu0ocm3RldwlSWLgi8AFg3V7mFwd2pAMzdeiXZuOAo="},"chainType":2,"messageKeys":{}},"Bd0XtRqZN6x4UUSCPpPlEmEEA0kdKNhFOJiS/U1dozYZ":{"chainKey":{"counter":-1,"key":"PHuqckc+VmDuvSad/ZTKzF1RWouSwdbHyRNYm9uqyag="},"chainType":1,"messageKeys":{}}}}},"version":"v1"}