{"_sessions":{"BWyk00r+gp2o9oiPN8e7Ki3YisxZW0xzazNNqVHB6EoW":{"registrationId":1697386515,"currentRatchet":{"ephemeralKeyPair":{"pubKey":"BQ3qBkXOAhHmghxOJiU7afosUrcuqVVEw1wJFnIyLs13","privKey":"4PsOKQ3EnifzMlYsfQJd4l494SbHvFpYWO82ylTnOn4="},"lastRemoteEphemeralKey":"BVJ8VqQ69v6qoaYDf1joXQ8yS8AdoOnoDx7R5c6/WnY0","previousCounter":0,"rootKey":"hy6pcfoGhtsfWeBlsUOFQE/S5WOpO7Ecrhy1hDdUn8Y="},"indexInfo":{"baseKey":"BWyk00r+gp2o9oiPN8e7Ki3YisxZW0xzazNNqVHB6EoW","baseKeyType":2,"closed":-1,"used":1745642501848,"created":1745642501848,"remoteIdentityKey":"BaOUfKrRwK74rXwsFA7AP4kPmTFQT1uk5Xv50FlAi3Qe"},"_chains":{"BVJ8VqQ69v6qoaYDf1joXQ8yS8AdoOnoDx7R5c6/WnY0":{"chainKey":{"counter":0,"key":"MG1dqPwHmDJWVCAaYYCkxd7XigicpgiVBSG0hdAhcEs="},"chainType":2,"messageKeys":{}},"BQ3qBkXOAhHmghxOJiU7afosUrcuqVVEw1wJFnIyLs13":{"chainKey":{"counter":-1,"key":"fH5FfoFVTK1tORs060u7GSLiqhkw5sXc2DHTgomE1s0="},"chainType":1,"messageKeys":{}}}}},"version":"v1"}