{"_sessions":{"BbqQP3HTwKBZJoxV+/fQhxNjkIXL73xmP8/PhOUM8pRT":{"registrationId":1344913806,"currentRatchet":{"ephemeralKeyPair":{"pubKey":"Be9zCnMRUFyx2BkmoHd/z/KYepgDdVuM65fc2+yG9+9Y","privKey":"yG++24SvTCcP/3D9O66M4yAxeNLDX0Z0jrMNL+JBqWQ="},"lastRemoteEphemeralKey":"BSyp2irS0Waf7VPB6/lkzSQtqJDYG2xLTnqWvytRnQJM","previousCounter":0,"rootKey":"O5jaru+A9Xhat/4eu3IgkN4BJXS6YBl5uXItzKK15zs="},"indexInfo":{"baseKey":"BbqQP3HTwKBZJoxV+/fQhxNjkIXL73xmP8/PhOUM8pRT","baseKeyType":2,"closed":-1,"used":1745639167058,"created":1745639167058,"remoteIdentityKey":"BUXFsAZBiQ47MVhaZFpe73zeJtZSjuay+2kKCQATI+he"},"_chains":{"BSyp2irS0Waf7VPB6/lkzSQtqJDYG2xLTnqWvytRnQJM":{"chainKey":{"counter":0,"key":"naS4gb8zvLb6NkUNRmH9SRsFHJYwA0s2GnFCjf8p+Zg="},"chainType":2,"messageKeys":{}},"Be9zCnMRUFyx2BkmoHd/z/KYepgDdVuM65fc2+yG9+9Y":{"chainKey":{"counter":-1,"key":"A+oaoYDw5ziTYvfnK9imbI4kQx2V5yWZKevMCkhGomw="},"chainType":1,"messageKeys":{}}}}},"version":"v1"}