{"_sessions":{"BWr4UakYfl0UECuDPIwsiyaf1A26lSZ0N4ElcHplVSNC":{"registrationId":1673682860,"currentRatchet":{"ephemeralKeyPair":{"pubKey":"BXcg1wcqRjUThEQ5bmYBb2ZUoOt3iLq/qpUS+MZ/AMZs","privKey":"oBV43E2skAVEGom/d7CQ3DWNl7oI4gJfM+3TafDurmc="},"lastRemoteEphemeralKey":"BVli5DySpM9x9bGcXvLMxXxjhOz/vxhjnuLwew9z0a1W","previousCounter":0,"rootKey":"2YearCjbCP0awSD1fq+3yGwQ9VK5AtimNm7lDO+LuDc="},"indexInfo":{"baseKey":"BWr4UakYfl0UECuDPIwsiyaf1A26lSZ0N4ElcHplVSNC","baseKeyType":2,"closed":-1,"used":1745642502874,"created":1745642502874,"remoteIdentityKey":"Bc9MYaZhiV41PBfFpgpKE9JOo0H/KBYsz4XPcXRrPmpW"},"_chains":{"BVli5DySpM9x9bGcXvLMxXxjhOz/vxhjnuLwew9z0a1W":{"chainKey":{"counter":3,"key":"GVHvnkYmVDck6sE38qYsX3/ZQvj40x0ymNWXVrdibOI="},"chainType":2,"messageKeys":{}},"BXcg1wcqRjUThEQ5bmYBb2ZUoOt3iLq/qpUS+MZ/AMZs":{"chainKey":{"counter":-1,"key":"RltI2SGI0DUzVNNZnMEqF8xVfwQ6DFVgg+N/Jfg1F1w="},"chainType":1,"messageKeys":{}}}}},"version":"v1"}